Id,Class
0,23
1,2
2,21
3,7
4,2
5,18
6,20
7,7
8,5
9,18
10,23
11,10
12,4
13,2
14,6
15,1
16,9
17,23
18,23
19,2
20,24
21,17
22,2
23,15
24,23
25,12
26,10
27,8
28,6
29,10
30,2
31,2
32,10
33,21
34,12
35,9
36,7
37,2
38,18
39,2
40,5
41,1
42,8
43,6
44,14
45,16
46,15
47,23
48,9
49,2
50,12
51,19
52,10
53,2
54,2
55,11
56,0
57,0
58,19
59,1
60,22
61,12
62,5
63,17
64,8
65,15
66,0
67,0
68,2
69,7
70,15
71,1
72,20
73,11
74,7
75,12
76,4
77,23
78,21
79,10
80,4
81,5
82,3
83,8
84,15
85,18
86,13
87,12
88,18
89,5
90,20
91,16
92,21
93,0
94,16
95,2
96,20
97,10
98,9
99,9
100,24
101,10
102,6
103,21
104,19
105,10
106,12
107,12
108,17
109,11
110,23
111,0
112,0
113,3
114,1
115,11
116,19
117,17
118,17
119,22
120,4
121,2
122,12
123,9
124,16
125,6
126,2
127,10
128,10
129,16
130,21
131,15
132,9
133,24
134,5
135,9
136,3
137,2
138,16
139,12
140,1
141,0
142,9
143,23
144,21
145,2
146,0
147,7
148,3
149,2
150,12
151,3
152,12
153,20
154,2
155,15
156,2
157,9
158,21
159,19
160,19
161,7
162,8
163,1
164,16
165,1
166,17
167,19
168,2
169,1
170,7
171,16
172,7
173,23
174,24
175,1
176,2
177,23
178,16
179,24
180,9
181,6
182,18
183,15
184,23
185,17
186,0
187,24
188,10
189,11
190,17
191,0
192,18
193,4
194,2
195,9
196,2
197,3
198,12
199,15
200,4
201,17
202,3
203,10
204,4
205,7
206,13
207,21
208,13
209,24
210,12
211,0
212,18
213,7
214,17
215,15
216,12
217,10
218,12
219,18
220,12
221,17
222,3
223,18
224,5
225,16
226,21
227,8
228,23
229,24
230,11
231,0
232,2
233,9
234,13
235,1
236,2
237,23
238,22
239,10
240,9
241,3
242,12
243,2
244,15
245,1
246,15
247,23
248,8
249,2
250,7
251,10
252,23
253,11
254,6
255,15
256,16
257,2
258,11
259,24
260,15
261,12
262,5
263,24
264,3
265,12
266,19
267,21
268,4
269,10
270,0
271,14
272,2
273,12
274,4
275,16
276,21
277,12
278,22
279,4
280,5
281,17
282,23
283,24
284,4
285,2
286,10
287,10
288,4
289,4
290,11
291,16
292,10
293,3
294,1
295,0
296,5
297,12
298,7
299,4
300,12
301,12
302,20
303,1
304,12
305,0
306,1
307,8
308,8
309,4
310,19
311,10
312,0
313,11
314,22
315,11
316,9
317,10
318,3
319,0
320,0
321,10
322,5
323,16
324,10
325,18
326,12
327,2
328,9
329,15
330,6
331,24
332,4
333,18
334,12
335,4
336,12
337,22
338,17
339,15
340,18
341,2
342,3
343,3
344,11
345,12
346,13
347,0
348,22
349,0
350,12
351,9
352,2
353,20
354,6
355,4
356,8
357,4
358,2
359,2
360,17
361,7
362,13
363,0
364,4
365,4
366,10
367,12
368,6
369,7
370,16
371,7
372,18
373,12
374,10
375,18
376,7
377,17
378,2
379,2
380,20
381,3
382,22
383,15
384,3
385,7
386,0
387,21
388,8
389,2
390,22
391,24
392,6
393,18
394,16
395,0
396,16
397,1
398,9
399,23
400,12
401,22
402,2
403,23
404,13
405,11
406,12
407,3
408,16
409,10
410,24
411,5
412,11
413,12
414,1
415,0
416,9
417,22
418,24
419,1
420,6
421,2
422,21
423,0
424,12
425,23
426,4
427,7
428,23
429,0
430,1
431,0
432,4
433,10
434,6
435,2
436,0
437,6
438,14
439,9
440,4
441,0
442,1
443,0
444,14
445,3
446,16
447,12
448,4
449,10
450,13
451,11
452,23
453,18
454,11
455,21
456,9
457,12
458,4
459,10
460,0
461,16
462,0
463,17
464,3
465,0
466,0
467,13
468,1
469,2
470,11
471,16
472,1
473,12
474,0
475,1
476,14
477,12
478,5
479,2
480,21
481,8
482,3
483,7
484,23
485,15
486,11
487,9
488,10
489,11
490,5
491,24
492,0
493,5
494,10
495,0
496,9
497,0
498,10
499,4
500,1
501,12
502,11
503,22
504,17
505,4
506,3
507,4
508,5
509,13
510,24
511,12
512,11
513,0
514,24
515,3
516,2
517,9
518,0
519,20
520,18
521,2
522,20
523,16
524,1
525,0
526,12
527,2
528,2
529,12
530,12
531,7
532,5
533,10
534,1
535,21
536,22
537,21
538,2
539,3
540,17
541,2
542,15
543,12
544,5
545,12
546,19
547,12
548,2
549,23
550,23
551,11
552,11
553,2
554,17
555,18
556,4
557,1
558,19
559,22
560,2
561,2
562,10
563,21
564,9
565,12
566,9
567,10
568,19
569,17
570,4
571,17
572,7
573,4
574,21
575,0
576,7
577,0
578,13
579,1
580,0
581,0
582,12
583,21
584,0
585,0
586,2
587,0
588,12
589,19
590,16
591,2
592,7
593,1
594,4
595,2
596,1
597,17
598,4
599,0
600,7
601,2
602,3
603,9
604,16
605,1
606,1
607,4
608,24
609,9
610,22
611,23
612,23
613,2
614,11
615,2
616,24
617,1
618,4
619,0
620,18
621,4
622,0
623,9
624,0
625,4
626,17
627,9
628,5
629,2
630,1
631,10
632,4
633,3
634,3
635,12
636,23
637,0
638,2
639,1
640,1
641,1
642,12
643,18
644,3
645,11
646,23
647,10
648,3
649,0
650,12
651,2
652,7
653,23
654,10
655,3
656,0
657,23
658,1
659,18
660,24
661,2
662,15
663,13
664,3
665,19
666,9
667,10
668,11
669,4
670,2
671,15
672,3
673,13
674,10
675,19
676,10
677,16
678,10
679,5
680,21
681,9
682,16
683,4
684,4
685,8
686,24
687,16
688,2
689,16
690,2
691,10
692,0
693,0
694,3
695,5
696,9
697,1
698,3
699,23
700,10
701,9
702,10
703,19
704,11
705,6
706,22
707,4
708,12
709,17
710,11
711,3
712,2
713,12
714,16
715,12
716,11
717,23
718,6
719,13
720,21
721,19
722,1
723,3
724,0
725,20
726,22
727,10
728,10
729,11
730,18
731,5
732,23
733,19
734,17
735,10
736,11
737,5
738,0
739,9
740,15
741,12
742,19
743,10
744,0
745,21
746,13
747,21
748,12
749,14
750,19
751,19
752,15
753,5
754,24
755,16
756,2
757,24
758,1
759,1
760,16
761,3
762,0
763,12
764,12
765,10
766,22
767,9
768,3
769,2
770,12
771,16
772,5
773,1
774,22
775,3
776,10
777,15
778,23
779,21
780,10
781,18
782,10
783,0
784,20
785,23
786,22
787,12
788,15
789,1
790,12
791,3
792,12
793,2
794,4
795,9
796,6
797,21
798,16
799,19
800,11
801,12
802,15
803,9
804,16
805,24
806,18
807,10
808,11
809,12
810,2
811,12
812,20
813,17
814,19
815,15
816,15
817,19
818,21
819,21
820,16
821,12
822,8
823,19
824,0
825,1
826,22
827,18
828,23
829,16
830,12
831,5
832,12
833,23
834,0
835,18
836,4
837,18
838,23
839,23
840,18
841,9
842,7
843,5
844,2
845,1
846,4
847,7
848,0
849,0
850,7
851,0
852,3
853,20
854,13
855,7
856,21
857,7
858,11
859,6
860,0
861,4
862,0
863,24
864,1
865,5
866,24
867,11
868,2
869,0
870,10
871,15
872,19
873,0
874,5
875,18
876,18
877,10
878,9
879,7
880,15
881,9
882,11
883,11
884,19
885,18
886,12
887,24
888,9
889,12
890,2
891,22
892,10
893,9
894,18
895,19
896,10
897,4
898,9
899,15
900,6
901,9
902,10
903,4
904,23
905,12
906,16
907,24
908,17
909,23
910,0
911,23
912,20
913,3
914,22
915,13
916,9
917,9
918,16
919,1
920,18
921,24
922,1
923,2
924,13
925,22
926,6
927,1
928,8
929,19
930,0
931,2
932,11
933,4
934,2
935,11
936,8
937,20
938,13
939,9
940,14
941,7
942,21
943,23
944,24
945,5
946,23
947,16
948,23
949,6
950,3
951,19
952,11
953,13
954,2
955,24
956,21
957,23
958,3
959,24
960,19
961,12
962,14
963,17
964,18
965,23
966,3
967,0
968,13
969,18
970,9
971,15
972,24
973,1
974,5
975,17
976,6
977,11
978,21
979,7
980,5
981,16
982,9
983,7
984,4
985,2
986,2
987,12
988,23
989,16
990,13
991,0
992,17
993,23
994,2
995,7
996,0
997,21
998,17
999,10
1000,14
1001,16
1002,0
1003,12
1004,8
1005,2
1006,2
1007,23
1008,17
1009,23
1010,7
1011,8
1012,12
1013,9
1014,1
1015,2
1016,23
1017,1
1018,19
1019,6
1020,12
1021,10
1022,4
1023,4
1024,14
1025,16
1026,23
1027,6
1028,1
1029,4
1030,3
1031,14
1032,4
1033,4
1034,24
1035,3
1036,10
1037,1
1038,7
1039,0
1040,16
1041,17
1042,8
1043,12
1044,23
1045,19
1046,0
1047,14
1048,0
1049,14
1050,0
1051,7
1052,16
1053,3
1054,3
1055,0
1056,11
1057,4
1058,12
1059,13
1060,4
1061,10
1062,9
1063,18
1064,19
1065,16
1066,7
1067,3
1068,22
1069,15
1070,12
1071,16
1072,2
1073,10
1074,24
1075,5
1076,18
1077,2
1078,4
1079,1
1080,1
1081,22
1082,3
1083,18
1084,23
1085,16
1086,11
1087,10
1088,2
1089,24
1090,23
1091,9
1092,21
1093,18
1094,0
1095,8
1096,10
1097,13
1098,6
1099,13
1100,10
1101,8
1102,13
1103,15
1104,16
1105,1
1106,0
1107,19
1108,18
1109,12
1110,10
1111,17
1112,2
1113,3
1114,11
1115,12
1116,0
1117,1
1118,14
1119,9
1120,2
1121,23
1122,23
1123,21
1124,22
1125,7
1126,21
1127,0
1128,15
1129,1
1130,6
1131,10
1132,10
1133,3
1134,0
1135,7
1136,18
1137,3
1138,19
1139,9
1140,22
1141,4
1142,23
1143,12
1144,1
1145,16
1146,14
1147,11
1148,4
1149,20
1150,2
1151,17
1152,12
1153,0
1154,11
1155,12
1156,1
1157,23
1158,7
1159,2
1160,0
1161,18
1162,2
1163,7
1164,2
1165,7
1166,12
1167,9
1168,7
1169,0
1170,6
1171,6
1172,15
1173,6
1174,3
1175,0
1176,7
1177,12
1178,16
1179,10
1180,12
1181,0
1182,13
1183,5
1184,11
1185,6
1186,14
1187,22
1188,4
1189,21
1190,15
1191,10
1192,11
1193,17
1194,12
1195,17
1196,10
1197,6
1198,0
1199,6
1200,19
1201,3
1202,17
1203,10
1204,7
1205,12
1206,17
1207,17
1208,0
1209,3
1210,10
1211,10
1212,1
1213,2
1214,10
1215,5
1216,12
1217,15
1218,24
1219,2
1220,0
1221,17
1222,3
1223,6
1224,21
1225,9
1226,18
1227,1
1228,5
1229,18
1230,11
1231,5
1232,13
1233,10
1234,12
1235,0
1236,2
1237,23
1238,9
1239,13
1240,7
1241,2
1242,9
1243,0
1244,24
1245,7
1246,11
1247,0
1248,1
1249,8
1250,16
1251,8
1252,10
1253,7
1254,10
1255,1
1256,1
1257,12
1258,0
1259,10
1260,4
1261,23
1262,5
1263,2
1264,23
1265,12
1266,23
1267,4
1268,2
1269,12
1270,0
1271,10
1272,24
1273,0
1274,0
1275,17
1276,0
1277,0
1278,12
1279,19
1280,17
1281,14
1282,15
1283,7
1284,0
1285,12
1286,1
1287,21
1288,16
1289,0
1290,10
1291,14
1292,16
1293,11
1294,21
1295,7
1296,8
1297,17
1298,18
1299,2
1300,2
1301,11
1302,23
1303,11
1304,13
1305,15
1306,21
1307,5
1308,17
1309,12
1310,2
1311,11
1312,5
1313,23
1314,18
1315,3
1316,7
1317,15
1318,19
1319,21
1320,13
1321,19
1322,9
1323,9
1324,19
1325,2
1326,19
1327,14
1328,23
1329,2
1330,23
1331,24
1332,0
1333,0
1334,13
1335,12
1336,4
1337,4
1338,16
1339,17
1340,12
1341,13
1342,7
1343,24
1344,6
1345,2
1346,0
1347,22
1348,7
1349,5
1350,21
1351,12
1352,23
1353,16
1354,0
1355,19
1356,12
1357,5
1358,23
1359,9
1360,0
1361,5
1362,13
1363,1
1364,24
1365,5
1366,4
1367,9
1368,9
1369,22
1370,19
1371,3
1372,11
1373,9
1374,18
1375,1
1376,4
1377,16
1378,13
1379,5
1380,4
1381,3
1382,9
1383,16
1384,18
1385,2
1386,18
1387,17
1388,1
1389,15
1390,23
1391,9
1392,5
1393,7
1394,2
1395,5
1396,7
1397,1
1398,7
1399,24
1400,7
1401,21
1402,0
1403,20
1404,2
1405,2
1406,19
1407,6
1408,24
1409,21
1410,5
1411,0
1412,21
1413,15
1414,5
1415,4
1416,0
1417,3
1418,4
1419,6
1420,11
1421,3
1422,19
1423,2
1424,7
1425,2
1426,10
1427,7
1428,3
1429,2
1430,6
1431,19
1432,0
1433,2
1434,10
1435,17
1436,1
1437,0
1438,13
1439,22
1440,0
1441,1
1442,18
1443,9
1444,7
1445,9
1446,2
1447,10
1448,12
1449,3
1450,10
1451,3
1452,1
1453,22
1454,17
1455,12
1456,10
1457,3
1458,9
1459,20
1460,7
1461,11
1462,17
1463,4
1464,1
1465,5
1466,23
1467,8
1468,10
1469,21
1470,6
1471,21
1472,12
1473,24
1474,2
1475,16
1476,22
1477,23
1478,1
1479,2
1480,4
1481,20
1482,21
1483,15
1484,16
1485,4
1486,9
1487,0
1488,2
1489,20
1490,16
1491,3
1492,11
1493,16
1494,9
1495,3
1496,24
1497,24
1498,12
1499,0
1500,24
1501,13
1502,6
1503,1
1504,15
1505,12
1506,9
1507,21
1508,18
1509,2
1510,19
1511,11
1512,4
1513,10
1514,16
1515,2
1516,4
1517,21
1518,10
1519,6
1520,1
1521,0
1522,23
1523,0
1524,12
1525,17
1526,1
1527,0
1528,10
1529,7
1530,3
1531,24
1532,9
1533,2
1534,6
1535,0
1536,23
1537,0
1538,19
1539,0
1540,0
1541,23
1542,2
1543,2
1544,5
1545,24
1546,6
1547,22
1548,13
1549,19
1550,8
1551,13
1552,24
1553,0
1554,8
1555,8
1556,18
1557,1
1558,7
1559,11
1560,1
1561,9
1562,9
1563,24
1564,17
1565,3
1566,2
1567,12
1568,8
1569,2
1570,0
1571,10
1572,17
1573,23
1574,9
1575,10
1576,16
1577,2
1578,4
1579,3
1580,7
1581,0
1582,18
1583,24
1584,16
1585,7
1586,18
1587,16
1588,2
1589,16
1590,12
1591,4
1592,19
1593,0
1594,1
1595,1
1596,23
1597,7
1598,13
1599,20
1600,7
1601,0
1602,10
1603,23
1604,18
1605,0
1606,1
1607,16
1608,2
1609,21
1610,17
1611,2
1612,10
1613,12
1614,0
1615,17
1616,11
1617,19
1618,17
1619,5
1620,24
1621,2
1622,16
1623,5
1624,0
1625,6
1626,24
1627,3
1628,2
1629,12
1630,17
1631,16
1632,12
1633,5
1634,2
1635,0
1636,19
1637,22
1638,24
1639,18
1640,23
1641,9
1642,3
1643,8
1644,9
1645,7
1646,23
1647,3
1648,2
1649,15
1650,13
1651,17
1652,13
1653,21
1654,10
1655,7
1656,9
1657,9
1658,10
1659,22
1660,10
1661,9
1662,24
1663,13
1664,2
1665,7
1666,16
1667,9
1668,12
1669,23
1670,0
1671,4
1672,0
1673,6
1674,16
1675,14
1676,2
1677,10
1678,19
1679,7
1680,6
1681,18
1682,0
1683,12
1684,10
1685,2
1686,3
1687,0
1688,9
1689,6
1690,11
1691,0
1692,1
1693,21
1694,15
1695,21
1696,10
1697,2
1698,16
1699,18
1700,7
1701,11
1702,6
1703,0
1704,16
1705,1
1706,1
1707,12
1708,15
1709,23
1710,2
1711,12
1712,16
1713,0
1714,3
1715,9
1716,7
1717,1
1718,9
1719,1
1720,15
1721,23
1722,0
1723,7
1724,7
1725,2
1726,15
1727,1
1728,9
1729,4
1730,9
1731,0
1732,24
1733,12
1734,16
1735,21
1736,2
1737,14
1738,23
1739,4
1740,9
1741,16
1742,0
1743,1
1744,2
1745,11
1746,5
1747,3
1748,18
1749,7
1750,10
1751,17
1752,15
1753,1
1754,4
1755,24
1756,2
1757,19
1758,12
1759,0
1760,2
1761,16
1762,18
1763,7
1764,10
1765,17
1766,12
1767,2
1768,0
1769,22
1770,4
1771,24
1772,5
1773,15
1774,2
1775,9
1776,4
1777,15
1778,17
1779,23
1780,2
1781,19
1782,9
1783,12
1784,8
1785,4
1786,2
1787,21
1788,23
1789,17
1790,0
1791,19
1792,7
1793,24
1794,15
1795,8
1796,2
1797,17
1798,15
1799,17
1800,7
1801,18
1802,22
1803,18
1804,18
1805,10
1806,20
1807,0
1808,21
1809,20
1810,21
1811,10
1812,3
1813,6
1814,3
1815,19
1816,24
1817,19
1818,2
1819,8
1820,15
1821,4
1822,5
1823,7
1824,12
1825,10
1826,10
1827,10
1828,0
1829,0
1830,19
1831,12
1832,21
1833,0
1834,0
1835,7
1836,15
1837,10
1838,17
1839,16
1840,8
1841,3
1842,23
1843,23
1844,15
1845,20
1846,6
1847,17
1848,18
1849,12
1850,1
1851,24
1852,7
1853,4
1854,2
1855,20
1856,0
1857,11
1858,23
1859,4
1860,12
1861,7
1862,12
1863,16
1864,10
1865,12
1866,9
1867,20
1868,0
1869,11
1870,3
1871,22
1872,18
1873,18
1874,14
1875,19
1876,7
1877,10
1878,0
1879,0
1880,4
1881,3
1882,1
1883,4
1884,12
1885,12
1886,13
1887,9
1888,18
1889,17
1890,0
1891,17
1892,13
1893,18
1894,14
1895,17
1896,14
1897,11
1898,2
1899,8
1900,12
1901,0
1902,18
1903,14
1904,24
1905,7
1906,2
1907,23
1908,10
1909,0
1910,15
1911,13
1912,10
1913,21
1914,0
1915,3
1916,15
1917,1
1918,2
1919,6
1920,17
1921,17
1922,18
1923,21
1924,12
1925,23
1926,2
1927,4
1928,3
1929,23
1930,0
1931,13
1932,4
1933,11
1934,19
1935,7
1936,6
1937,10
1938,22
1939,17
1940,15
1941,7
1942,3
1943,17
1944,7
1945,0
1946,2
1947,4
1948,3
1949,0
1950,5
1951,16
1952,17
1953,16
1954,0
1955,17
1956,11
1957,10
1958,0
1959,22
1960,23
1961,7
1962,7
1963,12
1964,8
1965,3
1966,19
1967,23
1968,23
1969,16
1970,1
1971,7
1972,23
1973,23
1974,7
1975,18
1976,23
1977,6
1978,10
1979,5
1980,10
1981,20
1982,9
1983,10
1984,12
1985,21
1986,1
1987,7
1988,23
1989,24
1990,10
1991,2
1992,18
1993,0
1994,14
1995,4
1996,13
1997,13
1998,4
1999,19
2000,24
2001,12
2002,12
2003,2
2004,10
2005,21
2006,21
2007,11
2008,2
2009,16
2010,10
2011,11
2012,8
2013,13
2014,15
2015,15
2016,17
2017,9
2018,13
2019,12
2020,19
2021,4
2022,6
2023,11
2024,20
2025,10
2026,10
2027,2
2028,4
2029,9
2030,4
2031,7
2032,0
2033,10
2034,12
2035,8
2036,16
2037,7
2038,7
2039,22
2040,6
2041,18
2042,24
2043,12
2044,10
2045,3
2046,0
2047,10
2048,18
2049,0
2050,6
2051,12
2052,12
2053,12
2054,6
2055,13
2056,4
2057,3
2058,1
2059,11
2060,10
2061,4
2062,10
2063,15
2064,23
2065,20
2066,11
2067,10
2068,21
2069,18
2070,10
2071,2
2072,13
2073,16
2074,16
2075,10
2076,3
2077,22
2078,18
2079,0
2080,4
2081,21
2082,3
2083,24
2084,23
2085,0
2086,2
2087,7
2088,4
2089,8
2090,11
2091,22
2092,13
2093,18
2094,24
2095,18
2096,21
2097,9
2098,9
2099,2
2100,9
2101,2
2102,4
2103,1
2104,13
2105,18
2106,4
2107,18
2108,3
2109,6
2110,9
2111,11
2112,1
2113,6
2114,10
2115,0
2116,12
2117,15
2118,2
2119,19
2120,23
2121,18
2122,16
2123,12
2124,18
2125,2
2126,0
2127,0
2128,0
2129,17
2130,12
2131,16
2132,23
2133,1
2134,0
2135,24
2136,4
2137,21
2138,0
2139,4
2140,10
2141,0
2142,24
2143,23
2144,18
2145,10
2146,7
2147,23
2148,11
2149,4
2150,0
2151,12
2152,9
2153,15
2154,3
2155,1
2156,6
2157,1
2158,23
2159,17
2160,20
2161,0
2162,19
2163,16
2164,0
2165,14
2166,9
2167,12
2168,3
2169,8
2170,0
2171,10
2172,15
2173,19
2174,23
2175,0
2176,7
2177,11
2178,9
2179,23
2180,1
2181,2
2182,13
2183,10
2184,13
2185,3
2186,5
2187,12
2188,3
2189,21
2190,24
2191,16
2192,2
2193,0
2194,4
2195,13
2196,16
2197,17
2198,12
2199,7
2200,2
2201,1
2202,4
2203,24
2204,7
2205,18
2206,10
2207,15
2208,0
2209,6
2210,17
2211,24
2212,5
2213,6
2214,23
2215,17
2216,3
2217,4
2218,18
2219,17
2220,7
2221,0
2222,17
2223,18
2224,8
2225,16
2226,2
2227,4
2228,19
2229,11
2230,17
2231,0
2232,19
2233,18
2234,12
2235,10
2236,21
2237,0
2238,13
2239,16
2240,0
2241,4
2242,2
2243,3
2244,16
2245,7
2246,8
2247,2
2248,18
2249,10
2250,7
2251,12
2252,23
2253,4
2254,9
2255,5
2256,5
2257,16
2258,10
2259,21
2260,10
2261,10
2262,0
2263,21
2264,10
2265,2
2266,6
2267,1
2268,23
2269,2
2270,0
2271,2
2272,9
2273,0
2274,4
2275,2
2276,4
2277,21
2278,24
2279,15
2280,1
2281,3
2282,4
2283,1
2284,0
2285,10
2286,17
2287,2
2288,9
2289,23
2290,10
2291,18
2292,2
2293,15
2294,11
2295,16
2296,19
2297,16
2298,2
2299,22
2300,2
2301,3
2302,1
2303,11
2304,7
2305,9
2306,7
2307,3
2308,1
2309,17
2310,23
2311,19
2312,9
2313,23
2314,7
2315,20
2316,11
2317,21
2318,13
2319,3
2320,23
2321,16
2322,7
2323,0
2324,1
2325,13
2326,17
2327,0
2328,0
2329,21
2330,23
2331,2
2332,3
2333,4
2334,3
2335,2
2336,1
2337,20
2338,17
2339,4
2340,1
2341,15
2342,4
2343,4
2344,23
2345,7
2346,14
2347,9
2348,9
2349,12
2350,21
2351,11
2352,17
2353,23
2354,23
2355,10
2356,23
2357,4
2358,12
2359,17
2360,23
2361,16
2362,15
2363,17
2364,0
2365,17
2366,23
2367,1
2368,6
2369,17
2370,9
2371,21
2372,23
2373,5
2374,0
2375,13
2376,16
2377,19
2378,11
2379,0
2380,10
2381,15
2382,0
2383,7
2384,2
2385,22
2386,11
2387,4
2388,14
2389,0
2390,9
2391,0
2392,12
2393,2
2394,21
2395,9
2396,21
2397,15
2398,7
2399,17
2400,0
2401,24
2402,16
2403,11
2404,18
2405,12
2406,17
2407,7
2408,3
2409,18
2410,12
2411,23
2412,12
2413,16
2414,12
2415,2
2416,9
2417,6
2418,7
2419,13
2420,8
2421,0
2422,16
2423,1
2424,3
2425,0
2426,10
2427,0
2428,0
2429,20
2430,2
2431,2
2432,11
2433,0
2434,9
2435,23
2436,12
2437,10
2438,12
2439,9
2440,4
2441,2
2442,3
2443,13
2444,23
2445,23
2446,2
2447,0
2448,1
2449,0
2450,0
2451,10
2452,19
2453,2
2454,18
2455,17
2456,18
2457,2
2458,0
2459,4
2460,13
2461,8
2462,2
2463,9
2464,6
2465,7
2466,0
2467,9
2468,23
2469,10
2470,24
2471,17
2472,2
2473,8
2474,21
2475,21
2476,4
2477,22
2478,7
2479,10
2480,8
2481,10
2482,21
2483,0
2484,10
2485,11
2486,7
2487,3
2488,5
2489,6
2490,2
2491,17
2492,4
2493,19
2494,24
2495,6
2496,10
2497,5
2498,9
2499,12
2500,13
2501,4
2502,4
2503,2
2504,9
2505,1
2506,13
2507,2
2508,12
2509,0
2510,17
2511,10
2512,12
2513,11
2514,13
2515,13
2516,12
2517,24
2518,15
2519,6
2520,18
2521,5
2522,4
2523,22
2524,0
2525,7
2526,11
2527,19
2528,4
2529,22
2530,2
2531,15
2532,19
2533,5
2534,7
2535,11
2536,3
2537,9
2538,19
2539,4
2540,19
2541,24
2542,3
2543,14
2544,10
2545,22
2546,16
2547,23
2548,4
2549,11
2550,23
2551,4
2552,5
2553,0
2554,4
2555,0
2556,3
2557,16
2558,12
2559,12
2560,2
2561,12
2562,23
2563,2
2564,1
2565,0
2566,6
2567,23
2568,4
2569,24
2570,1
2571,4
2572,19
2573,13
2574,12
2575,24
2576,0
2577,12
2578,9
2579,21
2580,2
2581,21
2582,1
2583,19
2584,19
2585,12
2586,24
2587,13
2588,11
2589,2
2590,9
2591,7
2592,20
2593,11
2594,16
2595,17
2596,21
2597,11
2598,0
2599,18
2600,3
2601,16
2602,10
2603,23
2604,3
2605,8
2606,21
2607,23
2608,11
2609,24
2610,18
2611,11
2612,9
2613,0
2614,2
2615,12
2616,10
2617,17
2618,17
2619,10
2620,10
2621,0
2622,4
2623,21
2624,9
2625,21
2626,13
2627,15
2628,8
2629,4
2630,20
2631,24
2632,9
2633,2
2634,10
2635,5
2636,0
2637,10
2638,4
2639,18
2640,2
2641,7
2642,24
2643,15
2644,1
2645,0
2646,10
2647,0
2648,5
2649,16
2650,0
2651,6
2652,6
2653,17
2654,11
2655,1
2656,5
2657,9
2658,18
2659,19
2660,12
2661,0
2662,9
2663,18
2664,13
2665,16
2666,3
2667,23
2668,10
2669,3
2670,11
2671,19
2672,5
2673,2
2674,10
2675,2
2676,17
2677,24
2678,1
2679,13
2680,23
2681,6
2682,8
2683,13
2684,0
2685,2
2686,2
2687,10
2688,4
2689,0
2690,0
2691,16
2692,12
2693,2
2694,21
2695,23
2696,10
2697,1
2698,13
2699,23
2700,2
2701,3
2702,3
2703,9
2704,2
2705,2
2706,21
2707,0
2708,4
2709,18
2710,0
2711,11
2712,21
2713,2
2714,6
2715,10
2716,17
2717,3
2718,2
2719,21
2720,21
2721,7
2722,9
2723,7
2724,13
2725,6
2726,5
2727,9
2728,6
2729,16
2730,5
2731,0
2732,22
2733,2
2734,0
2735,19
2736,2
2737,2
2738,10
2739,19
2740,2
2741,2
2742,2
2743,18
2744,1
2745,4
2746,24
2747,5
2748,13
2749,15
2750,7
2751,15
2752,14
2753,17
2754,2
2755,2
2756,15
2757,0
2758,9
2759,17
2760,23
2761,18
2762,22
2763,3
2764,12
2765,23
2766,6
2767,1
2768,9
2769,1
2770,0
2771,12
2772,23
2773,5
2774,23
2775,2
2776,2
2777,20
2778,9
2779,0
2780,0
2781,2
2782,23
2783,13
2784,0
2785,11
2786,10
2787,21
2788,0
2789,2
2790,11
2791,10
2792,2
2793,12
2794,4
2795,10
2796,9
2797,12
2798,16
2799,21
2800,5
2801,2
2802,6
2803,2
2804,7
2805,1
2806,15
2807,0
2808,15
2809,0
2810,9
2811,4
2812,6
2813,3
2814,10
2815,10
2816,16
2817,2
2818,2
2819,5
2820,11
2821,15
2822,24
2823,23
2824,14
2825,23
2826,7
2827,2
2828,4
2829,0
2830,19
2831,10
2832,13
2833,18
2834,10
2835,1
2836,17
2837,2
2838,7
2839,8
2840,21
2841,17
2842,8
2843,10
2844,23
2845,11
2846,22
2847,4
2848,12
2849,19
2850,0
2851,11
2852,1
2853,18
2854,3
2855,9
2856,23
2857,4
2858,7
2859,3
2860,11
2861,1
2862,23
2863,17
2864,17
2865,9
2866,18
2867,23
2868,12
2869,12
2870,12
2871,19
2872,10
2873,4
2874,1
2875,4
2876,13
2877,14
2878,21
2879,23
2880,15
2881,16
2882,7
2883,19
2884,4
2885,15
2886,15
2887,21
2888,0
2889,21
2890,16
2891,10
2892,0
2893,16
2894,7
2895,24
2896,24
2897,18
2898,9
2899,23
2900,0
2901,13
2902,0
2903,12
2904,20
2905,4
2906,12
2907,1
2908,15
2909,0
2910,0
2911,16
2912,15
2913,17
2914,13
2915,16
2916,23
2917,0
2918,23
2919,11
2920,16
2921,15
2922,11
2923,16
2924,6
2925,7
2926,15
2927,2
2928,4
2929,23
2930,4
2931,23
2932,3
2933,10
2934,19
2935,3
2936,10
2937,16
2938,14
2939,13
2940,16
2941,5
2942,5
2943,10
2944,4
2945,0
2946,10
2947,16
2948,16
2949,24
2950,0
2951,1
2952,17
2953,0
2954,2
2955,2
2956,22
2957,18
2958,10
2959,16
2960,10
2961,0
2962,15
2963,18
2964,19
2965,19
2966,0
2967,21
2968,16
2969,2
2970,4
2971,17
2972,9
2973,7
2974,18
2975,23
2976,23
2977,21
2978,9
2979,16
2980,22
2981,9
2982,9
2983,14
2984,23
2985,19
2986,5
2987,21
2988,12
2989,16
2990,2
2991,22
2992,0
2993,9
2994,16
2995,16
2996,13
2997,11
2998,23
2999,6
3000,2
3001,4
3002,7
3003,4
3004,14
3005,4
3006,6
3007,5
3008,16
3009,16
3010,19
3011,10
3012,3
3013,6
3014,21
3015,11
3016,19
3017,4
3018,0
3019,9
3020,4
3021,1
3022,1
3023,12
3024,7
3025,21
3026,9
3027,2
3028,0
3029,3
3030,18
3031,8
3032,22
3033,0
3034,1
3035,3
3036,11
3037,9
3038,4
3039,9
3040,1
3041,12
3042,1
3043,18
3044,9
3045,21
3046,16
3047,2
3048,0
3049,22
3050,3
3051,1
3052,14
3053,0
3054,6
3055,4
3056,7
3057,13
3058,2
3059,18
3060,24
3061,6
3062,12
3063,12
3064,7
3065,0
3066,2
3067,22
3068,21
3069,9
3070,18
3071,1
3072,13
3073,4
3074,3
3075,9
3076,24
3077,14
3078,9
3079,12
3080,16
3081,5
3082,12
3083,19
3084,12
3085,0
3086,23
3087,4
3088,24
3089,5
3090,22
3091,2
3092,2
3093,11
3094,12
3095,9
3096,17
3097,2
3098,13
3099,21
3100,1
3101,17
3102,1
3103,23
3104,4
3105,7
3106,14
3107,13
3108,9
3109,2
3110,16
3111,9
3112,4
3113,22
3114,7
3115,4
3116,3
3117,22
3118,16
3119,3
3120,12
3121,2
3122,24
3123,9
3124,7
3125,11
3126,2
3127,15
3128,13
3129,12
3130,0
3131,2
3132,15
3133,24
3134,9
3135,8
3136,12
3137,15
3138,14
3139,16
3140,4
3141,18
3142,23
3143,9
3144,19
3145,11
3146,23
3147,0
3148,4
3149,9
3150,12
3151,19
3152,20
3153,12
3154,1
3155,11
3156,8
3157,24
3158,23
3159,12
3160,23
3161,4
3162,7
3163,9
3164,16
3165,6
3166,13
3167,5
3168,18
3169,2
3170,5
3171,7
3172,2
3173,22
3174,2
3175,17
3176,6
3177,9
3178,19
3179,21
3180,19
3181,5
3182,10
3183,7
3184,9
3185,17
3186,12
3187,20
3188,10
3189,18
3190,9
3191,9
3192,3
3193,23
3194,20
3195,13
3196,11
3197,9
3198,6
3199,19
3200,4
3201,5
3202,21
3203,16
3204,21
3205,23
3206,1
3207,12
3208,12
3209,1
3210,2
3211,11
3212,21
3213,1
3214,14
3215,23
3216,8
3217,4
3218,9
3219,19
3220,7
3221,16
3222,21
3223,15
3224,0
3225,18
3226,24
3227,24
3228,12
3229,2
3230,16
3231,21
3232,18
3233,0
3234,2
3235,21
3236,9
3237,21
3238,0
3239,24
3240,23
3241,8
3242,0
3243,5
3244,12
3245,12
3246,13
3247,18
3248,22
3249,7
3250,24
3251,15
3252,24
3253,18
3254,19
3255,9
3256,10
3257,21
3258,11
3259,10
3260,24
3261,15
3262,16
3263,0
3264,0
3265,11
3266,5
3267,9
3268,3
3269,3
3270,4
3271,15
3272,9
3273,9
3274,9
3275,10
3276,4
3277,24
3278,5
3279,4
3280,2
3281,0
3282,11
3283,2
3284,0
3285,13
3286,5
3287,12
3288,15
3289,15
3290,0
3291,9
3292,12
3293,0
3294,23
3295,22
3296,23
3297,8
3298,12
3299,9
3300,14
3301,21
3302,16
3303,11
3304,14
3305,9
3306,3
3307,1
3308,17
3309,19
3310,17
3311,15
3312,17
3313,12
3314,0
3315,21
3316,1
3317,20
3318,3
3319,4
3320,3
3321,24
3322,23
3323,8
3324,10
3325,15
3326,13
3327,22
3328,19
3329,12
3330,23
3331,17
3332,0
3333,17
3334,19
3335,2
3336,0
3337,0
3338,8
3339,9
3340,13
3341,17
3342,0
3343,4
3344,14
3345,22
3346,15
3347,0
3348,24
3349,15
3350,7
3351,16
3352,12
3353,24
3354,4
3355,12
3356,0
3357,0
3358,16
3359,13
3360,11
3361,0
3362,1
3363,9
3364,1
3365,20
3366,15
3367,23
3368,16
3369,0
3370,7
3371,12
3372,15
3373,23
3374,9
3375,4
3376,9
3377,6
3378,24
3379,10
3380,16
3381,24
3382,13
3383,12
3384,16
3385,10
3386,0
3387,9
3388,22
3389,19
3390,12
3391,0
3392,21
3393,4
3394,1
3395,9
3396,13
3397,2
3398,13
3399,19
3400,6
3401,15
3402,16
3403,18
3404,10
3405,12
3406,7
3407,21
3408,7
3409,10
3410,23
3411,19
3412,7
3413,1
3414,11
3415,1
3416,2
3417,17
3418,2
3419,15
3420,11
3421,4
3422,1
3423,19
3424,23
3425,0
3426,11
3427,14
3428,12
3429,0
3430,21
3431,2
3432,3
3433,24
3434,5
3435,19
3436,0
3437,10
3438,19
3439,15
3440,21
3441,3
3442,4
3443,5
3444,12
3445,23
3446,0
3447,21
3448,2
3449,3
3450,0
3451,0
3452,11
3453,15
3454,10
3455,4
3456,17
3457,18
3458,23
3459,11
3460,0
3461,18
3462,18
3463,16
3464,6
3465,24
3466,3
3467,16
3468,5
3469,18
3470,23
3471,10
3472,23
3473,19
3474,18
3475,22
3476,17
3477,4
3478,16
3479,2
3480,6
3481,15
3482,0
3483,19
3484,5
3485,16
3486,13
3487,2
3488,0
3489,7
3490,10
3491,21
3492,14
3493,2
3494,7
3495,24
3496,6
3497,17
3498,6
3499,9
3500,15
3501,15
3502,1
3503,2
3504,21
3505,24
3506,5
3507,0
3508,11
3509,0
3510,6
3511,3
3512,16
3513,11
3514,22
3515,4
3516,16
3517,18
3518,4
3519,2
3520,24
3521,0
3522,9
3523,6
3524,8
3525,24
3526,19
3527,15
3528,12
3529,7
3530,10
3531,2
3532,15
3533,3
3534,21
3535,4
3536,20
3537,12
3538,6
3539,21
3540,21
3541,9
3542,1
3543,7
3544,23
3545,19
3546,23
3547,18
3548,0
3549,23
3550,9
3551,22
3552,4
3553,12
3554,0
3555,7
3556,0
3557,15
3558,5
3559,0
3560,13
3561,21
3562,12
3563,12
3564,6
3565,9
3566,23
3567,3
3568,7
3569,19
3570,9
3571,7
3572,11
3573,15
3574,19
3575,18
3576,7
3577,8
3578,1
3579,21
3580,0
3581,17
3582,23
3583,18
3584,21
3585,4
3586,16
3587,6
3588,10
3589,16
3590,10
3591,16
3592,4
3593,22
3594,12
3595,22
3596,12
3597,0
3598,6
3599,12
3600,17
3601,7
3602,12
3603,16
3604,2
3605,23
3606,18
3607,12
3608,2
3609,7
3610,12
3611,1
3612,2
3613,18
3614,13
3615,23
3616,0
3617,10
3618,23
3619,0
3620,23
3621,8
3622,21
3623,24
3624,5
3625,19
3626,22
3627,2
3628,18
3629,5
3630,7
3631,21
3632,0
3633,21
3634,11
3635,21
3636,2
3637,12
3638,0
3639,2
3640,0
3641,17
3642,3
3643,20
3644,5
3645,8
3646,17
3647,9
3648,2
3649,16
3650,13
3651,7
3652,18
3653,11
3654,24
3655,12
3656,9
3657,13
3658,21
3659,2
3660,4
3661,13
3662,2
3663,21
3664,4
3665,9
3666,1
3667,1
3668,9
3669,11
3670,8
3671,4
3672,20
3673,17
3674,7
3675,16
3676,4
3677,15
3678,24
3679,21
3680,2
3681,16
3682,4
3683,3
3684,1
3685,10
3686,3
3687,12
3688,1
3689,16
3690,2
3691,12
3692,12
3693,10
3694,0
3695,18
3696,2
3697,0
3698,2
3699,19
3700,17
3701,0
3702,12
3703,23
3704,6
3705,16
3706,9
3707,2
3708,3
3709,12
3710,18
3711,17
3712,5
3713,9
3714,10
3715,1
3716,2
3717,22
3718,4
3719,1
3720,13
3721,23
3722,8
3723,23
3724,18
3725,7
3726,0
3727,2
3728,8
3729,15
3730,24
3731,8
3732,7
3733,22
3734,10
3735,3
3736,24
3737,13
3738,1
3739,6
3740,0
3741,10
3742,11
3743,5
3744,23
3745,2
3746,21
3747,0
3748,11
3749,23
3750,2
3751,17
3752,16
3753,2
3754,23
3755,1
3756,8
3757,24
3758,12
3759,1
3760,12
3761,10
3762,23
3763,11
3764,16
3765,17
3766,18
3767,6
3768,0
3769,3
3770,13
3771,21
3772,10
3773,4
3774,4
3775,24
3776,23
3777,4
3778,10
3779,18
3780,22
3781,3
3782,0
3783,9
3784,12
3785,24
3786,17
3787,23
3788,11
3789,4
3790,16
3791,22
3792,3
3793,4
3794,18
3795,11
3796,16
3797,16
3798,7
3799,23
3800,23
3801,0
3802,7
3803,2
3804,15
3805,12
3806,23
3807,24
3808,3
3809,15
3810,13
3811,10
3812,16
3813,18
3814,5
3815,10
3816,2
3817,17
3818,23
3819,10
3820,9
3821,5
3822,12
3823,11
3824,9
3825,16
3826,17
3827,13
3828,17
3829,5
3830,3
3831,9
3832,0
3833,2
3834,0
3835,14
3836,13
3837,23
3838,13
3839,0
3840,10
3841,3
3842,16
3843,23
3844,2
3845,6
3846,12
3847,2
3848,17
3849,16
3850,19
3851,22
3852,3
3853,21
3854,17
3855,3
3856,22
3857,17
3858,4
3859,23
3860,11
3861,1
3862,24
3863,12
3864,16
3865,21
3866,9
3867,24
3868,19
3869,18
3870,0
3871,19
3872,12
3873,3
3874,0
3875,0
3876,2
3877,9
3878,23
3879,2
3880,13
3881,7
3882,9
3883,18
3884,21
3885,6
3886,23
3887,23
3888,24
3889,0
3890,7
3891,2
3892,1
3893,6
3894,11
3895,13
3896,11
3897,1
3898,2
3899,7
3900,10
3901,18
3902,2
3903,2
3904,24
3905,19
3906,7
3907,18
3908,23
3909,7
3910,12
3911,2
3912,0
3913,17
3914,15
3915,17
3916,10
3917,21
3918,19
3919,2
3920,7
3921,24
3922,5
3923,12
3924,6
3925,21
3926,19
3927,2
3928,9
3929,1
3930,9
3931,0
3932,19
3933,24
3934,13
3935,6
3936,1
3937,18
3938,22
3939,16
3940,19
3941,24
3942,11
3943,15
3944,8
3945,3
3946,17
3947,8
3948,10
3949,13
3950,6
3951,3
3952,21
3953,17
3954,18
3955,0
3956,15
3957,1
3958,24
3959,24
3960,16
3961,9
3962,10
3963,8
3964,23
3965,3
3966,23
3967,2
3968,9
3969,12
3970,14
3971,5
3972,2
3973,0
3974,22
3975,23
3976,19
3977,2
3978,0
3979,4
3980,0
3981,11
3982,6
3983,9
3984,1
3985,23
3986,5
3987,2
3988,16
3989,23
3990,4
3991,23
3992,4
3993,10
3994,11
3995,24
3996,10
3997,2
3998,4
3999,3
4000,10
4001,1
4002,0
4003,2
4004,10
4005,17
4006,23
4007,16
4008,2
4009,12
4010,4
4011,11
4012,12
4013,18
4014,24
4015,10
4016,6
4017,23
4018,11
4019,1
4020,16
4021,8
4022,12
4023,4
4024,10
4025,4
4026,5
4027,18
4028,2
4029,13
4030,16
4031,0
4032,4
4033,13
4034,0
4035,18
4036,9
4037,7
4038,24
4039,23
4040,1
4041,9
4042,5
4043,12
4044,11
4045,16
4046,16
4047,10
4048,19
4049,2
4050,12
4051,12
4052,4
4053,1
4054,2
4055,4
4056,23
4057,0
4058,24
4059,0
4060,11
4061,0
4062,2
4063,1
4064,24
4065,23
4066,14
4067,8
4068,18
4069,18
4070,10
4071,10
4072,23
4073,21
4074,12
4075,2
4076,21
4077,3
4078,9
4079,15
4080,2
4081,9
4082,21
4083,1
4084,2
4085,24
4086,4
4087,5
4088,10
4089,11
4090,11
4091,1
4092,19
4093,0
4094,20
4095,7
4096,16
4097,7
4098,2
4099,3
4100,4
4101,17
4102,21
4103,19
4104,9
4105,0
4106,12
4107,13
4108,7
4109,7
4110,11
4111,9
4112,21
4113,11
4114,9
4115,17
4116,1
4117,5
4118,16
4119,12
4120,15
4121,14
4122,1
4123,2
4124,4
4125,18
4126,12
4127,5
4128,13
4129,19
4130,7
4131,13
4132,6
4133,16
4134,13
4135,16
4136,6
4137,2
4138,3
4139,23
4140,2
4141,12
4142,7
4143,11
4144,23
4145,4
4146,15
4147,2
4148,9
4149,3
4150,11
4151,4
4152,12
4153,3
4154,2
4155,9
4156,23
4157,2
4158,13
4159,23
4160,4
4161,3
4162,7
4163,24
4164,17
4165,10
4166,23
4167,18
4168,19
4169,13
4170,1
4171,18
4172,5
4173,21
4174,4
4175,2
4176,23
4177,3
4178,19
4179,5
4180,9
4181,23
4182,2
4183,16
4184,8
4185,19
4186,20
4187,10
4188,1
4189,17
4190,11
4191,2
4192,2
4193,18
4194,6
4195,2
4196,10
4197,4
4198,15
4199,17
4200,8
4201,17
4202,9
4203,24
4204,13
4205,0
4206,21
4207,24
4208,19
4209,18
4210,20
4211,13
4212,15
4213,18
4214,5
4215,1
4216,11
4217,11
4218,24
4219,14
4220,4
4221,15
4222,16
4223,4
4224,0
4225,24
4226,4
4227,4
4228,13
4229,15
4230,3
4231,2
4232,0
4233,21
4234,15
4235,1
4236,12
4237,0
4238,1
4239,24
4240,24
4241,3
4242,13
4243,12
4244,15
4245,13
4246,0
4247,16
4248,10
4249,2
4250,16
4251,16
4252,9
4253,7
4254,17
4255,17
4256,1
4257,11
4258,12
4259,7
4260,2
4261,23
4262,23
4263,4
4264,17
4265,16
4266,10
4267,21
4268,19
4269,9
4270,22
4271,9
4272,6
4273,1
4274,11
4275,4
4276,2
4277,17
4278,0
4279,3
4280,20
4281,1
4282,7
4283,23
4284,9
4285,12
4286,23
4287,0
4288,9
4289,11
4290,4
4291,17
4292,12
4293,17
4294,13
4295,18
4296,0
4297,19
4298,2
4299,18
4300,11
4301,10
4302,0
4303,9
4304,14
4305,19
4306,18
4307,16
4308,9
4309,5
4310,13
4311,11
4312,10
4313,11
4314,0
4315,17
4316,10
4317,13
4318,17
4319,19
4320,7
4321,2
4322,5
4323,0
4324,23
4325,16
4326,15
4327,10
4328,10
4329,10
4330,11
4331,0
4332,24
4333,15
4334,11
4335,17
4336,5
4337,0
4338,2
4339,18
4340,0
4341,7
4342,8
4343,14
4344,3
4345,10
4346,16
4347,8
4348,0
4349,11
4350,4
4351,2
4352,11
4353,18
4354,1
4355,3
4356,13
4357,1
4358,12
4359,16
4360,2
4361,2
4362,1
4363,3
4364,13
4365,2
4366,12
4367,23
4368,19
4369,8
4370,11
4371,19
4372,15
4373,2
4374,0
4375,23
4376,15
4377,21
4378,9
4379,17
4380,12
4381,10
4382,16
4383,12
4384,12
4385,18
4386,7
4387,7
4388,16
4389,2
4390,9
4391,12
4392,16
4393,16
4394,23
4395,13
4396,16
4397,19
4398,0
4399,1
4400,10
4401,13
4402,4
4403,11
4404,9
4405,15
4406,3
4407,23
4408,11
4409,1
4410,4
4411,0
4412,17
4413,0
4414,18
4415,15
4416,2
4417,13
4418,1
4419,5
4420,0
4421,10
4422,11
4423,7
4424,0
4425,12
4426,10
4427,0
4428,6
4429,9
4430,12
4431,9
4432,5
4433,18
4434,15
4435,19
4436,7
4437,16
4438,2
4439,2
4440,18
4441,9
4442,10
4443,21
4444,10
4445,10
4446,10
4447,12
4448,0
4449,1
4450,10
4451,3
4452,4
4453,12
4454,0
4455,14
4456,11
4457,9
4458,2
4459,8
4460,3
4461,19
4462,7
4463,11
4464,9
4465,19
4466,19
4467,11
4468,0
4469,23
4470,5
4471,21
4472,24
4473,2
4474,0
4475,0
4476,15
4477,10
4478,10
4479,10
4480,7
4481,2
4482,13
4483,0
4484,16
4485,23
4486,12
4487,12
4488,11
4489,10
4490,24
4491,15
4492,17
4493,12
4494,19
4495,9
4496,19
4497,19
4498,11
4499,2
4500,4
4501,5
4502,6
4503,13
4504,0
4505,23
4506,9
4507,1
4508,1
4509,6
4510,5
4511,22
4512,7
4513,23
4514,7
4515,10
4516,22
4517,9
4518,14
4519,14
4520,24
4521,11
4522,3
4523,16
4524,13
4525,18
4526,3
4527,18
4528,24
4529,2
4530,0
4531,17
4532,12
4533,18
4534,12
4535,9
4536,13
4537,12
4538,13
4539,0
4540,9
4541,10
4542,7
4543,17
4544,11
4545,0
4546,11
4547,2
4548,2
4549,3
4550,16
4551,7
4552,16
4553,15
4554,23
4555,10
4556,23
4557,10
4558,9
4559,0
4560,7
4561,24
4562,8
4563,12
4564,23
4565,23
4566,11
4567,0
4568,22
4569,10
4570,4
4571,21
4572,21
4573,0
4574,16
4575,11
4576,16
4577,0
4578,23
4579,22
4580,6
4581,12
4582,2
4583,23
4584,3
4585,9
4586,18
4587,0
4588,6
4589,0
4590,4
4591,12
4592,7
4593,10
4594,22
4595,0
4596,13
4597,18
4598,0
4599,2
4600,0
4601,15
4602,0
4603,0
4604,21
4605,13
4606,23
4607,0
4608,1
4609,9
4610,21
4611,18
4612,16
4613,13
4614,7
4615,11
4616,10
4617,8
4618,23
4619,15
4620,20
4621,11
4622,16
4623,2
4624,18
4625,10
4626,17
4627,17
4628,20
4629,5
4630,14
4631,10
4632,7
4633,12
4634,17
4635,23
4636,8
4637,2
4638,9
4639,23
4640,13
4641,1
4642,2
4643,14
4644,16
4645,10
4646,2
4647,11
4648,17
4649,2
4650,12
4651,3
4652,14
4653,0
4654,1
4655,7
4656,18
4657,16
4658,23
4659,8
4660,10
4661,7
4662,21
4663,2
4664,11
4665,10
4666,19
4667,6
4668,19
4669,9
4670,6
4671,1
4672,2
4673,2
4674,12
4675,1
4676,2
4677,14
4678,0
4679,1
4680,0
4681,11
4682,13
4683,12
4684,17
4685,24
4686,23
4687,1
4688,1
4689,6
4690,12
4691,12
4692,2
4693,0
4694,2
4695,9
4696,23
4697,23
4698,10
4699,12
4700,16
4701,23
4702,0
4703,19
4704,10
4705,12
4706,15
4707,1
4708,11
4709,18
4710,15
4711,17
4712,3
4713,9
4714,2
4715,24
4716,17
4717,5
4718,10
4719,16
4720,13
4721,15
4722,10
4723,8
4724,23
4725,0
4726,12
4727,1
4728,1
4729,12
4730,2
4731,21
4732,16
4733,16
4734,9
4735,23
4736,18
4737,18
4738,18
4739,19
4740,10
4741,2
4742,15
4743,18
4744,3
4745,10
4746,3
4747,21
4748,22
4749,15
4750,12
4751,4
4752,0
4753,23
4754,23
4755,12
4756,15
4757,13
4758,0
4759,4
4760,11
4761,4
4762,7
4763,2
4764,9
4765,4
4766,0
4767,21
4768,16
4769,3
4770,9
4771,18
4772,9
4773,7
4774,23
4775,20
4776,23
4777,1
4778,19
4779,20
4780,0
4781,3
4782,12
4783,22
4784,23
4785,16
4786,2
4787,18
4788,18
4789,17
4790,3
4791,13
4792,18
4793,7
4794,11
4795,9
4796,19
4797,4
4798,8
4799,9
4800,14
4801,7
4802,5
4803,12
4804,1
4805,12
4806,17
4807,21
4808,12
4809,24
4810,7
4811,23
4812,9
4813,12
4814,6
4815,19
4816,0
4817,22
4818,18
4819,2
4820,0
4821,3
4822,18
4823,17
4824,15
4825,4
4826,6
4827,9
4828,14
4829,2
4830,14
4831,16
4832,19
4833,4
4834,2
4835,2
4836,24
4837,21
4838,23
4839,17
4840,15
4841,21
4842,3
4843,12
4844,24
4845,13
4846,17
4847,0
4848,16
4849,15
4850,17
4851,5
4852,2
4853,0
4854,13
4855,1
4856,13
4857,10
4858,0
4859,5
4860,13
4861,19
4862,20
4863,0
4864,12
4865,7
4866,19
4867,9
4868,17
4869,16
4870,24
4871,2
4872,14
4873,11
4874,21
4875,16
4876,9
4877,7
4878,23
4879,0
4880,0
4881,21
4882,13
4883,3
4884,0
4885,5
4886,2
4887,1
4888,0
4889,2
4890,3
4891,13
4892,21
4893,5
4894,2
4895,18
4896,12
4897,15
4898,7
4899,7
4900,9
4901,1
4902,2
4903,6
4904,11
4905,1
4906,3
4907,19
4908,13
4909,17
4910,0
4911,16
4912,2
4913,2
4914,6
4915,4
4916,16
4917,23
4918,3
4919,5
4920,15
4921,11
4922,0
4923,6
4924,18
4925,24
4926,22
4927,23
4928,10
4929,19
4930,10
4931,0
4932,23
4933,21
4934,4
4935,6
4936,5
4937,10
4938,18
4939,21
4940,2
4941,19
4942,21
4943,0
4944,10
4945,1
4946,18
4947,16
4948,2
4949,23
4950,22
4951,3
4952,5
4953,17
4954,18
4955,9
4956,21
4957,17
4958,3
4959,3
4960,0
4961,11
4962,2
4963,6
4964,3
4965,10
4966,10
4967,22
4968,4
4969,2
4970,9
4971,7
4972,16
4973,21
4974,12
4975,23
4976,0
4977,23
4978,2
4979,21
4980,22
4981,24
4982,5
4983,18
4984,0
4985,3
4986,0
4987,9
4988,22
4989,4
4990,0
4991,21
4992,0
4993,22
4994,24
4995,4
4996,12
4997,9
4998,12
4999,22
5000,9
5001,17
5002,2
5003,8
5004,6
5005,20
5006,12
5007,19
5008,12
5009,16
5010,22
5011,5
5012,0
5013,21
5014,17
5015,1
5016,18
5017,14
5018,13
5019,22
5020,1
5021,18
5022,2
5023,10
5024,19
5025,0
5026,4
5027,2
5028,3
5029,21
5030,0
5031,19
5032,2
5033,12
5034,0
5035,0
5036,1
5037,14
5038,12
5039,8
5040,20
5041,0
5042,23
5043,10
5044,5
5045,10
5046,14
5047,8
5048,23
5049,17
5050,16
5051,0
5052,16
5053,2
5054,15
5055,10
5056,23
5057,5
5058,17
5059,16
5060,2
5061,10
5062,9
5063,21
5064,10
5065,3
5066,12
5067,18
5068,7
5069,13
5070,0
5071,6
5072,16
5073,17
5074,23
5075,17
5076,18
5077,12
5078,5
5079,19
5080,18
5081,6
5082,1
5083,6
5084,21
5085,5
5086,18
5087,17
5088,18
5089,3
5090,0
5091,9
5092,0
5093,17
5094,4
5095,9
5096,11
5097,24
5098,10
5099,0
5100,23
5101,17
5102,0
5103,16
5104,23
5105,10
5106,13
5107,23
5108,11
5109,14
5110,19
5111,4
5112,4
5113,1
5114,10
5115,9
5116,18
5117,12
5118,1
5119,11
5120,11
5121,16
5122,18
5123,12
5124,5
5125,2
5126,19
5127,12
5128,17
5129,21
5130,2
5131,12
5132,1
5133,6
5134,1
5135,1
5136,1
5137,1
5138,5
5139,24
5140,1
5141,1
5142,15
5143,19
5144,4
5145,18
5146,1
5147,12
5148,12
5149,6
5150,11
5151,8
5152,21
5153,2
5154,4
5155,11
5156,21
5157,16
5158,7
5159,4
5160,23
5161,15
5162,13
5163,10
5164,24
5165,8
5166,15
5167,20
5168,0
5169,9
5170,14
5171,3
5172,16
5173,5
5174,13
5175,18
5176,1
5177,0
5178,10
5179,16
5180,7
5181,17
5182,12
5183,23
5184,8
5185,1
5186,19
5187,9
5188,19
5189,17
5190,4
5191,13
5192,9
5193,7
5194,0
5195,8
5196,2
5197,4
5198,5
5199,13
5200,10
5201,14
5202,16
5203,9
5204,0
5205,22
5206,9
5207,12
5208,7
5209,4
5210,17
5211,4
5212,19
5213,4
5214,2
5215,13
5216,8
5217,0
5218,23
5219,23
5220,12
5221,14
5222,7
5223,4
5224,4
5225,0
5226,4
5227,6
5228,18
5229,14
5230,4
5231,4
5232,5
5233,9
5234,11
5235,2
5236,0
5237,0
5238,5
5239,3
5240,4
5241,5
5242,23
5243,10
5244,7
5245,7
5246,12
5247,19
5248,16
5249,0
5250,9
5251,1
5252,14
5253,0
5254,3
5255,10
5256,6
5257,12
5258,2
5259,10
5260,18
5261,4
5262,7
5263,19
5264,20
5265,16
5266,2
5267,11
5268,21
5269,2
5270,10
5271,18
5272,1
5273,15
5274,0
5275,16
5276,2
5277,1
5278,2
5279,6
5280,2
5281,14
5282,3
5283,1
5284,11
5285,8
5286,3
5287,24
5288,15
5289,18
5290,9
5291,23
5292,16
5293,6
5294,10
5295,13
5296,12
5297,10
5298,23
5299,1
5300,18
5301,1
5302,0
5303,15
5304,18
5305,13
5306,4
5307,12
5308,2
5309,19
5310,24
5311,23
5312,4
5313,0
5314,24
5315,10
5316,4
5317,9
5318,10
5319,16
5320,4
5321,16
5322,2
5323,0
5324,10
5325,2
5326,15
5327,12
5328,4
5329,19
5330,10
5331,23
5332,17
5333,12
5334,21
5335,6
5336,6
5337,16
5338,24
5339,15
5340,0
5341,2
5342,17
5343,19
5344,23
5345,17
5346,9
5347,2
5348,3
5349,17
5350,11
5351,21
5352,22
5353,23
5354,18
5355,23
5356,16
5357,18
5358,10
5359,7
5360,16
5361,2
5362,17
5363,22
5364,24
5365,2
5366,9
5367,12
5368,17
5369,0
5370,10
5371,24
5372,1
5373,7
5374,10
5375,4
5376,1
5377,0
5378,13
5379,1
5380,13
5381,13
5382,19
5383,2
5384,18
5385,24
5386,13
5387,19
5388,24
5389,10
5390,10
5391,12
5392,9
5393,16
5394,1
5395,12
5396,4
5397,16
5398,24
5399,10
5400,6
5401,9
5402,16
5403,5
5404,2
5405,23
5406,11
5407,12
5408,22
5409,17
5410,2
5411,16
5412,19
5413,16
5414,7
5415,12
5416,15
5417,3
5418,7
5419,16
5420,6
5421,2
5422,22
5423,1
5424,19
5425,23
5426,18
5427,24
5428,23
5429,3
5430,12
5431,10
5432,5
5433,10
5434,0
5435,0
5436,12
5437,12
5438,1
5439,18
5440,5
5441,9
5442,24
5443,5
5444,3
5445,19
5446,0
5447,11
5448,14
5449,13
5450,23
5451,23
5452,2
5453,0
5454,2
5455,5
5456,10
5457,19
5458,17
5459,4
5460,10
5461,22
5462,7
5463,10
5464,10
5465,2
5466,22
5467,0
5468,2
5469,0
5470,2
5471,22
5472,12
5473,13
5474,17
5475,16
5476,3
5477,16
5478,24
5479,4
5480,11
5481,10
5482,10
5483,24
5484,7
5485,15
5486,2
5487,12
5488,4
5489,9
5490,7
5491,0
5492,7
5493,3
5494,17
5495,17
5496,3
5497,2
5498,1
5499,14
5500,12
5501,9
5502,18
5503,5
5504,7
5505,1
5506,7
5507,23
5508,7
5509,4
5510,17
5511,2
5512,16
5513,18
5514,4
5515,13
5516,1
5517,18
5518,12
5519,16
5520,4
5521,12
5522,3
5523,5
5524,9
5525,23
5526,14
5527,12
5528,10
5529,16
5530,11
5531,9
5532,16
5533,4
5534,2
5535,24
5536,2
5537,7
5538,5
5539,16
5540,19
5541,6
5542,1
5543,13
5544,13
5545,24
5546,21
5547,20
5548,0
5549,24
5550,10
5551,19
5552,0
5553,12
5554,4
5555,15
5556,0
5557,17
5558,6
5559,2
5560,9
5561,8
5562,2
5563,4
5564,9
5565,6
5566,9
5567,16
5568,21
5569,15
5570,1
5571,0
5572,16
5573,6
5574,19
5575,0
5576,9
5577,17
5578,3
5579,12
5580,17
5581,3
5582,7
5583,0
5584,10
5585,16
5586,1
5587,16
5588,7
5589,22
5590,3
5591,6
5592,16
5593,4
5594,21
5595,24
5596,2
5597,15
5598,23
5599,17
5600,19
5601,23
5602,17
5603,22
5604,8
5605,21
5606,11
5607,0
5608,17
5609,1
5610,12
5611,1
5612,0
5613,16
5614,10
5615,8
5616,4
5617,2
5618,19
5619,5
5620,24
5621,17
5622,9
5623,21
5624,23
5625,11
5626,5
5627,17
5628,16
5629,5
5630,15
5631,15
5632,6
5633,18
5634,2
5635,23
5636,17
5637,7
5638,18
5639,0
5640,3
5641,10
5642,17
5643,10
5644,2
5645,3
5646,11
5647,15
5648,7
5649,18
5650,23
5651,11
5652,16
5653,4
5654,20
5655,10
5656,10
5657,17
5658,10
5659,23
5660,10
5661,0
5662,2
5663,18
5664,17
5665,15
5666,23
5667,2
5668,9
5669,10
5670,10
5671,2
5672,20
5673,24
5674,2
5675,4
5676,18
5677,24
5678,4
5679,20
5680,4
5681,9
5682,7
5683,12
5684,13
5685,9
5686,6
5687,0
5688,7
5689,23
5690,4
5691,18
5692,23
5693,2
5694,16
5695,12
5696,16
5697,2
5698,9
5699,4
5700,3
5701,19
5702,4
5703,0
5704,23
5705,17
5706,18
5707,16
5708,5
5709,8
5710,11
5711,9
5712,15
5713,5
5714,1
5715,0
5716,4
5717,16
5718,10
5719,24
5720,23
5721,15
5722,18
5723,17
5724,10
5725,0
5726,22
5727,7
5728,7
5729,14
5730,23
5731,2
5732,16
5733,1
5734,9
5735,11
5736,3
5737,4
5738,0
5739,19
5740,12
5741,10
5742,0
5743,3
5744,9
5745,12
5746,13
5747,1
5748,19
5749,16
5750,4
5751,18
5752,11
5753,23
5754,24
5755,20
5756,12
5757,7
5758,0
5759,21
5760,21
5761,5
5762,12
5763,12
5764,12
5765,0
5766,10
5767,0
5768,7
5769,3
5770,2
5771,16
5772,12
5773,6
5774,12
5775,12
5776,2
5777,6
5778,12
5779,6
5780,10
5781,18
5782,17
5783,2
5784,4
5785,1
5786,22
5787,9
5788,23
5789,7
5790,0
5791,10
5792,16
5793,0
5794,17
5795,1
5796,5
5797,21
5798,2
5799,2
5800,17
5801,13
5802,12
5803,13
5804,10
5805,23
5806,14
5807,8
5808,18
5809,3
5810,23
5811,18
5812,12
5813,2
5814,0
5815,11
5816,2
5817,7
5818,2
5819,15
5820,2
5821,12
5822,5
5823,15
5824,0
5825,21
5826,10
5827,20
5828,11
5829,5
5830,16
5831,1
5832,24
5833,3
5834,1
5835,17
5836,19
5837,12
5838,23
5839,2
5840,0
5841,13
5842,16
5843,17
5844,2
5845,0
5846,10
5847,12
5848,15
5849,12
5850,1
5851,5
5852,7
5853,7
5854,11
5855,12
5856,17
5857,3
5858,2
5859,19
5860,2
5861,6
5862,18
5863,24
5864,0
5865,16
5866,10
5867,1
5868,18
5869,16
5870,22
5871,4
5872,11
5873,21
5874,5
5875,6
5876,10
5877,1
5878,11
5879,3
5880,11
5881,5
5882,24
5883,18
5884,1
5885,3
5886,10
5887,0
5888,19
5889,15
5890,18
5891,9
5892,23
5893,17
5894,1
5895,9
5896,4
5897,9
5898,4
5899,24
5900,18
5901,8
5902,9
5903,9
5904,3
5905,9
5906,24
5907,12
5908,0
5909,10
5910,4
5911,16
5912,12
5913,7
5914,13
5915,12
5916,23
5917,17
5918,0
5919,23
5920,12
5921,19
5922,16
5923,23
5924,4
5925,17
5926,17
5927,23
5928,24
5929,19
5930,19
5931,1
5932,2
5933,21
5934,2
5935,23
5936,17
5937,23
5938,7
5939,10
5940,11
5941,12
5942,22
5943,19
5944,4
5945,21
5946,7
5947,24
5948,9
5949,7
5950,2
5951,17
5952,12
5953,16
5954,0
5955,21
5956,8
5957,2
5958,4
5959,24
5960,0
5961,2
5962,17
5963,5
5964,12
5965,6
5966,10
5967,9
5968,9
5969,12
5970,7
5971,4
5972,16
5973,8
5974,17
5975,18
5976,4
5977,2
5978,16
5979,19
5980,7
5981,15
5982,17
5983,15
5984,6
5985,12
5986,7
5987,2
5988,17
5989,10
5990,2
5991,23
5992,18
5993,6
5994,2
5995,18
5996,2
5997,16
5998,14
5999,12
6000,12
6001,7
6002,5
6003,7
6004,23
6005,2
6006,12
6007,13
6008,13
6009,0
6010,2
6011,7
6012,17
6013,2
6014,12
6015,2
6016,6
6017,23
6018,12
6019,24
6020,2
6021,11
6022,4
6023,10
6024,1
6025,0
6026,4
6027,21
6028,0
6029,9
6030,1
6031,1
6032,13
6033,10
6034,20
6035,23
6036,12
6037,2
6038,12
6039,12
6040,18
6041,24
6042,21
6043,23
6044,12
6045,20
6046,0
6047,0
6048,2
6049,0
6050,12
6051,12
6052,18
6053,21
6054,0
6055,6
6056,0
6057,2
6058,3
6059,11
6060,0
6061,9
6062,16
6063,11
6064,16
6065,2
6066,9
6067,22
6068,19
6069,3
6070,3
6071,7
6072,2
6073,0
6074,16
6075,19
6076,0
6077,4
6078,21
6079,16
6080,23
6081,2
6082,2
6083,18
6084,12
6085,6
6086,18
6087,23
6088,18
6089,10
6090,12
6091,9
6092,23
6093,6
6094,23
6095,11
6096,9
6097,13
6098,0
6099,10
6100,7
6101,22
6102,13
6103,3
6104,10
6105,20
6106,2
6107,10
6108,9
6109,12
6110,12
6111,15
6112,21
6113,10
6114,3
6115,9
6116,24
6117,1
6118,1
6119,18
6120,8
6121,12
6122,15
6123,7
6124,7
6125,7
6126,16
6127,4
6128,0
6129,16
6130,2
6131,19
6132,13
6133,5
6134,5
6135,1
6136,0
6137,6
6138,24
6139,2
6140,11
6141,13
6142,15
6143,11
6144,23
6145,3
6146,10
6147,13
6148,19
6149,0
6150,23
6151,2
6152,24
6153,11
6154,0
6155,24
6156,0
6157,0
6158,10
6159,19
6160,23
6161,16
6162,10
6163,24
6164,13
6165,13
6166,2
6167,7
6168,10
6169,0
6170,12
6171,17
6172,17
6173,10
6174,21
6175,21
6176,0
6177,12
6178,6
6179,24
6180,9
6181,2
6182,10
6183,17
6184,10
6185,4
6186,7
6187,22
6188,2
6189,2
6190,12
6191,4
6192,2
6193,2
6194,9
6195,2
6196,24
6197,4
6198,0
6199,0
6200,4
6201,20
6202,7
6203,18
6204,6
6205,0
6206,21
6207,19
6208,22
6209,23
6210,7
6211,7
6212,18
6213,6
6214,1
6215,6
6216,23
6217,11
6218,10
6219,10
6220,6
6221,19
6222,2
6223,21
6224,15
6225,2
6226,17
6227,12
6228,3
6229,15
6230,23
6231,11
6232,8
6233,19
6234,14
6235,6
6236,10
6237,12
6238,11
6239,1
6240,8
6241,7
6242,13
6243,10
6244,12
6245,12
6246,3
6247,4
6248,2
6249,0
6250,14
6251,1
6252,1
6253,9
6254,2
6255,11
6256,2
6257,10
6258,23
6259,8
6260,13
6261,7
6262,6
6263,10
6264,1
6265,21
6266,16
6267,2
6268,18
6269,19
6270,7
6271,2
6272,16
6273,6
6274,10
6275,18
6276,19
6277,13
6278,19
6279,9
6280,14
6281,3
6282,9
6283,8
6284,23
6285,15
6286,18
6287,10
6288,21
6289,3
6290,4
6291,11
6292,16
6293,13
6294,10
6295,10
6296,12
6297,3
6298,2
6299,11
6300,22
6301,15
6302,23
6303,24
6304,11
6305,21
6306,23
6307,8
6308,2
6309,1
6310,12
6311,2
6312,4
6313,3
6314,16
6315,0
6316,17
6317,12
6318,22
6319,10
6320,0
6321,0
6322,23
6323,2
6324,22
6325,6
6326,9
6327,1
6328,6
6329,24
6330,4
6331,0
6332,3
6333,7
6334,2
6335,2
6336,1
6337,5
6338,12
6339,10
6340,0
6341,5
6342,23
6343,4
6344,6
6345,23
6346,8
6347,19
6348,20
6349,15
6350,15
6351,12
6352,6
6353,15
6354,10
6355,21
6356,18
6357,17
6358,1
6359,2
6360,17
6361,19
6362,12
6363,10
6364,8
6365,10
6366,23
6367,4
6368,3
6369,11
6370,9
6371,21
6372,2
6373,2
6374,15
6375,5
6376,10
6377,1
6378,9
6379,17
6380,12
6381,12
6382,0
6383,10
6384,3
6385,15
6386,21
6387,24
6388,23
6389,23
6390,15
6391,23
6392,11
6393,10
6394,21
6395,16
6396,12
6397,16
6398,12
6399,12
6400,15
6401,6
6402,9
6403,4
6404,4
6405,12
6406,23
6407,2
6408,7
6409,9
6410,12
6411,23
6412,1
6413,10
6414,0
6415,23
6416,2
6417,12
6418,24
6419,24
6420,10
6421,11
6422,17
6423,6
6424,10
6425,15
6426,10
6427,10
6428,14
6429,13
6430,18
6431,23
6432,1
6433,4
6434,11
6435,2
6436,16
6437,23
6438,9
6439,2
6440,15
6441,16
6442,8
6443,24
6444,19
6445,6
6446,17
6447,13
6448,18
6449,4
6450,16
6451,17
6452,19
6453,9
6454,0
6455,20
6456,10
6457,2
6458,11
6459,6
6460,21
6461,0
6462,11
6463,9
6464,2
6465,9
6466,23
6467,10
6468,4
6469,18
6470,17
6471,24
6472,16
6473,21
6474,19
6475,16
6476,0
6477,12
6478,9
6479,21
6480,17
6481,15
6482,21
6483,10
6484,15
6485,18
6486,8
6487,13
6488,0
6489,21
6490,24
6491,10
6492,2
6493,21
6494,6
6495,5
6496,12
6497,0
6498,11
6499,0
6500,10
6501,10
6502,4
6503,7
6504,2
6505,15
6506,17
6507,11
6508,19
6509,14
6510,21
6511,3
6512,10
6513,18
6514,15
6515,17
6516,16
6517,11
6518,11
6519,3
6520,18
6521,23
6522,19
6523,18
6524,4
6525,13
6526,16
6527,16
6528,12
6529,4
6530,18
6531,0
6532,8
6533,12
6534,24
6535,14
6536,24
6537,23
6538,13
6539,23
6540,4
6541,23
6542,0
6543,18
6544,9
6545,1
6546,10
6547,3
6548,23
6549,10
6550,2
6551,0
6552,4
6553,24
6554,0
6555,12
6556,0
6557,21
6558,19
6559,10
6560,1
6561,0
6562,4
6563,18
6564,0
6565,9
6566,11
6567,10
6568,10
6569,3
6570,4
6571,10
6572,5
6573,1
6574,18
6575,5
6576,18
6577,4
6578,5
6579,3
6580,0
6581,17
6582,9
6583,2
6584,21
6585,19
6586,4
6587,10
6588,12
6589,9
6590,12
6591,6
6592,21
6593,24
6594,15
6595,2
6596,16
6597,10
6598,19
6599,0
6600,9
6601,19
6602,2
6603,2
6604,19
6605,9
6606,8
6607,20
6608,11
6609,10
6610,16
6611,7
6612,9
6613,24
6614,13
6615,12
6616,12
6617,11
6618,23
6619,18
6620,6
6621,12
6622,3
6623,24
6624,12
6625,2
6626,10
6627,19
6628,23
6629,10
6630,8
6631,22
6632,12
6633,1
6634,1
6635,4
6636,12
6637,23
6638,0
6639,18
6640,3
6641,15
6642,10
6643,15
6644,20
6645,4
6646,24
6647,0
6648,0
6649,17
6650,3
6651,17
6652,18
6653,23
6654,7
6655,23
6656,15
6657,12
6658,24
6659,0
6660,24
6661,2
6662,24
6663,12
6664,9
6665,4
6666,1
6667,6
6668,2
6669,10
6670,2
6671,10
6672,11
6673,16
6674,10
6675,3
6676,23
6677,2
6678,12
6679,11
6680,12
6681,12
6682,0
6683,0
6684,16
6685,21
6686,7
6687,10
6688,5
6689,1
6690,14
6691,23
6692,19
6693,19
6694,13
6695,13
6696,0
6697,2
6698,9
6699,23
6700,4
6701,23
6702,4
6703,15
6704,24
6705,22
6706,13
6707,22
6708,10
6709,22
6710,21
6711,14
6712,11
6713,10
6714,10
6715,0
6716,16
6717,4
6718,18
6719,21
6720,2
6721,17
6722,17
6723,24
6724,2
6725,12
6726,16
6727,5
6728,12
6729,0
6730,6
6731,4
6732,0
6733,18
6734,2
6735,7
6736,7
6737,3
6738,5
6739,10
6740,6
6741,8
6742,17
6743,3
6744,15
6745,12
6746,9
6747,10
6748,19
6749,23
6750,17
6751,24
6752,2
6753,4
6754,17
6755,24
6756,7
6757,7
6758,19
6759,2
6760,23
6761,2
6762,23
6763,1
6764,11
6765,4
6766,5
6767,2
6768,2
6769,16
6770,16
6771,23
6772,4
6773,23
6774,12
6775,4
6776,17
6777,0
6778,17
6779,0
6780,8
6781,2
6782,6
6783,16
6784,13
6785,10
6786,19
6787,7
6788,2
6789,21
6790,3
6791,12
6792,2
6793,2
6794,24
6795,16
6796,24
6797,0
6798,24
6799,21
6800,10
6801,0
6802,7
6803,0
6804,21
6805,15
6806,4
6807,18
6808,11
6809,2
6810,16
6811,18
6812,19
6813,21
6814,4
6815,11
6816,2
6817,17
6818,0
6819,6
6820,9
6821,17
6822,2
6823,2
6824,16
6825,0
6826,10
6827,12
6828,20
6829,4
6830,3
6831,23
6832,9
6833,4
6834,22
6835,23
6836,0
6837,2
6838,0
6839,18
6840,13
6841,17
6842,0
6843,4
6844,2
6845,23
6846,4
6847,2
6848,2
6849,23
6850,12
6851,24
6852,3
6853,19
6854,15
6855,24
6856,8
6857,23
6858,10
6859,8
6860,9
6861,7
6862,0
6863,11
6864,11
6865,9
6866,22
6867,2
6868,3
6869,0
6870,0
6871,2
6872,1
6873,19
6874,24
6875,8
6876,21
6877,12
6878,18
6879,23
6880,12
6881,3
6882,16
6883,9
6884,1
6885,3
6886,2
6887,2
6888,23
6889,13
6890,13
6891,1
6892,23
6893,18
6894,3
6895,9
6896,0
6897,12
6898,0
6899,9
6900,0
6901,7
6902,21
6903,3
6904,0
6905,7
6906,10
6907,1
6908,1
6909,8
6910,2
6911,15
6912,24
6913,20
6914,18
6915,2
6916,19
6917,2
6918,17
6919,10
6920,2
6921,13
6922,12
6923,18
6924,1
6925,7
6926,11
6927,1
6928,7
6929,20
6930,6
6931,23
6932,10
6933,21
6934,17
6935,9
6936,21
6937,13
6938,3
6939,5
6940,2
6941,0
6942,8
6943,0
6944,10
6945,7
6946,10
6947,7
6948,21
6949,18
6950,13
6951,19
6952,11
6953,1
6954,18
6955,2
6956,10
6957,19
6958,11
6959,11
6960,13
6961,4
6962,2
6963,5
6964,3
6965,6
6966,3
6967,23
6968,11
6969,17
6970,10
6971,2
6972,16
6973,10
6974,0
6975,10
6976,4
6977,15
6978,4
6979,12
6980,14
6981,2
6982,2
6983,12
6984,23
6985,10
6986,16
6987,23
6988,3
6989,21
6990,22
6991,24
6992,0
6993,1
6994,13
6995,24
6996,9
6997,9
6998,1
6999,5
7000,24
7001,2
7002,12
7003,18
7004,15
7005,19
7006,9
7007,10
7008,5
7009,12
7010,18
7011,23
7012,10
7013,9
7014,21
7015,3
7016,21
7017,7
7018,4
7019,24
7020,4
7021,1
7022,13
7023,22
7024,17
7025,21
7026,2
7027,1
7028,0
7029,18
7030,16
7031,7
7032,2
7033,10
7034,7
7035,11
7036,18
7037,23
7038,2
7039,9
7040,6
7041,10
7042,19
7043,5
7044,18
7045,18
7046,12
7047,22
7048,2
7049,17
7050,2
7051,18
7052,12
7053,17
7054,23
7055,16
7056,5
7057,8
7058,17
7059,21
7060,23
7061,1
7062,17
7063,6
7064,4
7065,24
7066,21
7067,24
7068,2
7069,0
7070,11
7071,15
7072,19
7073,18
7074,23
7075,5
7076,7
7077,7
7078,22
7079,3
7080,9
7081,19
7082,17
7083,24
7084,14
7085,7
7086,4
7087,12
7088,24
7089,23
7090,23
7091,0
7092,12
7093,4
7094,2
7095,1
7096,3
7097,24
7098,21
7099,20
7100,6
7101,10
7102,8
7103,3
7104,5
7105,16
7106,17
7107,9
7108,3
7109,10
7110,12
7111,0
7112,11
7113,2
7114,7
7115,0
7116,0
7117,2
7118,4
7119,17
7120,6
7121,15
7122,6
7123,10
7124,5
7125,6
7126,19
7127,18
7128,0
7129,12
7130,2
7131,23
7132,13
7133,19
7134,12
7135,9
7136,16
7137,0
7138,4
7139,9
7140,24
7141,19
7142,1
7143,23
7144,16
7145,7
7146,10
7147,22
7148,16
7149,1
7150,10
7151,0
7152,2
7153,5
7154,16
7155,23
7156,5
7157,21
7158,23
7159,21
7160,17
7161,0
7162,7
7163,16
7164,19
7165,2
7166,11
7167,7
7168,5
7169,23
7170,6
7171,15
7172,5
7173,23
7174,0
7175,24
7176,0
7177,20
7178,17
7179,0
7180,7
7181,5
7182,21
7183,19
7184,6
7185,12
7186,5
7187,5
7188,11
7189,18
7190,23
7191,3
7192,6
7193,23
7194,23
7195,13
7196,24
7197,0
7198,17
7199,14
7200,16
7201,5
7202,0
7203,2
7204,21
7205,18
7206,23
7207,1
7208,1
7209,2
7210,9
7211,24
7212,5
7213,4
7214,9
7215,9
7216,13
7217,5
7218,6
7219,24
7220,1
7221,7
7222,18
7223,4
7224,0
7225,17
7226,0
7227,2
7228,23
7229,16
7230,21
7231,0
7232,10
7233,2
7234,8
7235,4
7236,1
7237,9
7238,21
7239,9
7240,16
7241,4
7242,9
7243,5
7244,1
7245,7
7246,21
7247,13
7248,10
7249,10
7250,15
7251,9
7252,1
7253,18
7254,15
7255,12
7256,3
7257,7
7258,13
7259,14
7260,19
7261,7
7262,21
7263,0
7264,22
7265,0
7266,9
7267,13
7268,4
7269,13
7270,2
7271,19
7272,10
7273,10
7274,8
7275,18
7276,0
7277,2
7278,24
7279,2
7280,7
7281,0
7282,6
7283,15
7284,2
7285,9
7286,17
7287,12
7288,1
7289,23
7290,10
7291,6
7292,2
7293,23
7294,10
7295,16
7296,21
7297,24
7298,9
7299,12
7300,2
7301,12
7302,24
7303,2
7304,4
7305,21
7306,11
7307,8
7308,23
7309,13
7310,5
7311,15
7312,3
7313,3
7314,23
7315,19
7316,20
7317,13
7318,8
7319,23
7320,1
7321,0
7322,15
7323,11
7324,10
7325,8
7326,7
7327,0
7328,15
7329,19
7330,10
7331,3
7332,19
7333,17
7334,23
7335,19
7336,10
7337,23
7338,12
7339,7
7340,5
7341,12
7342,4
7343,24
7344,5
7345,11
7346,18
7347,1
7348,4
7349,2
7350,23
7351,4
7352,17
7353,24
7354,15
7355,9
7356,3
7357,7
7358,12
7359,1
7360,18
7361,16
7362,2
7363,3
7364,18
7365,23
7366,7
7367,4
7368,12
7369,6
7370,2
7371,20
7372,6
7373,19
7374,4
7375,9
7376,9
7377,4
7378,5
7379,15
7380,22
7381,22
7382,16
7383,12
7384,7
7385,6
7386,9
7387,12
7388,21
7389,9
7390,19
7391,13
7392,22
7393,9
7394,4
7395,3
7396,9
7397,0
7398,7
7399,17
7400,4
7401,2
7402,23
7403,12
7404,15
7405,17
7406,23
7407,22
7408,18
7409,2
7410,10
7411,20
7412,8
7413,18
7414,4
7415,2
7416,14
7417,16
7418,12
7419,17
7420,18
7421,0
7422,11
7423,1
7424,23
7425,13
7426,16
7427,0
7428,7
7429,9
7430,9
7431,22
7432,18
7433,13
7434,23
7435,18
7436,10
7437,10
7438,18
7439,9
7440,19
7441,13
7442,18
7443,15
7444,18
7445,12
7446,17
7447,3
7448,16
7449,22
7450,0
7451,2
7452,23
7453,12
7454,0
7455,2
7456,5
7457,13
7458,9
7459,13
7460,23
7461,1
7462,1
7463,21
7464,10
7465,6
7466,17
7467,5
7468,15
7469,3
7470,18
7471,15
7472,18
7473,4
7474,12
7475,18
7476,2
7477,14
7478,24
7479,6
7480,2
7481,24
7482,9
7483,2
7484,10
7485,13
7486,0
7487,18
7488,10
7489,7
7490,6
7491,10
7492,2
7493,20
7494,0
7495,15
7496,23
7497,14
7498,7
7499,24
7500,20
7501,9
7502,9
7503,1
7504,12
7505,12
7506,16
7507,2
7508,7
7509,16
7510,17
7511,17
7512,4
7513,19
7514,16
7515,0
7516,12
7517,13
7518,0
7519,10
7520,23
7521,11
7522,9
7523,2
7524,3
7525,1
7526,10
7527,4
7528,4
7529,5
7530,3
7531,14
7532,3
7533,7
7534,9
7535,9
7536,10
7537,17
7538,8
7539,9
7540,12
7541,7
7542,2
7543,16
7544,0
7545,13
7546,23
7547,9
7548,7
7549,13
7550,23
7551,3
7552,4
7553,8
7554,0
7555,4
7556,10
7557,12
7558,24
7559,0
7560,17
7561,16
7562,1
7563,12
7564,23
7565,16
7566,23
7567,13
7568,1
7569,18
7570,5
7571,21
7572,6
7573,16
7574,24
7575,10
7576,7
7577,8
7578,16
7579,19
7580,0
7581,2
7582,23
7583,12
7584,7
7585,9
7586,17
7587,23
7588,3
7589,16
7590,16
7591,12
7592,7
7593,10
7594,16
7595,14
7596,19
7597,1
7598,23
7599,2
7600,2
7601,12
7602,16
7603,17
7604,2
7605,12
7606,3
7607,1
7608,15
7609,7
7610,9
7611,9
7612,18
7613,23
7614,0
7615,13
7616,18
7617,0
7618,12
7619,7
7620,11
7621,0
7622,7
7623,0
7624,11
7625,0
7626,18
7627,12
7628,9
7629,21
7630,23
7631,1
7632,12
7633,18
7634,19
7635,12
7636,23
7637,6
7638,1
7639,2
7640,12
7641,1
7642,2
7643,19
7644,20
7645,23
7646,9
7647,0
7648,7
7649,15
7650,11
7651,5
7652,12
7653,0
7654,2
7655,18
7656,16
7657,9
7658,14
7659,6
7660,4
7661,23
7662,10
7663,1
7664,0
7665,5
7666,0
7667,21
7668,24
7669,2
7670,10
7671,9
7672,0
7673,3
7674,10
7675,18
7676,9
7677,10
7678,0
7679,10
7680,15
7681,15
7682,3
7683,4
7684,17
7685,21
7686,23
7687,9
7688,15
7689,9
7690,1
7691,2
7692,19
7693,2
7694,11
7695,2
7696,10
7697,16
7698,19
7699,24
7700,12
7701,9
7702,10
7703,2
7704,9
7705,0
7706,1
7707,9
7708,18
7709,10
7710,11
7711,17
7712,1
7713,12
7714,13
7715,17
7716,23
7717,23
7718,0
7719,8
7720,10
7721,10
7722,19
7723,12
7724,10
7725,10
7726,6
7727,12
7728,7
7729,19
7730,24
7731,14
7732,10
7733,16
7734,15
7735,18
7736,13
7737,12
7738,13
7739,10
7740,17
7741,9
7742,10
7743,23
7744,12
7745,19
7746,24
7747,23
7748,23
7749,1
7750,1
7751,3
7752,13
7753,3
7754,24
7755,10
7756,18
7757,15
7758,6
7759,2
7760,23
7761,2
7762,7
7763,10
7764,11
7765,16
7766,15
7767,0
7768,16
7769,4
7770,9
7771,19
7772,9
7773,3
7774,0
7775,21
7776,24
7777,24
7778,19
7779,5
7780,6
7781,2
7782,10
7783,0
7784,17
7785,20
7786,7
7787,8
7788,18
7789,10
7790,23
7791,4
7792,0
7793,2
7794,1
7795,21
7796,2
7797,3
7798,12
7799,23
7800,14
7801,8
7802,13
7803,15
7804,20
7805,14
7806,9
7807,23
7808,11
7809,23
7810,21
7811,6
7812,4
7813,8
7814,22
7815,22
7816,8
7817,17
7818,9
7819,16
7820,6
7821,9
7822,19
7823,12
7824,1
7825,4
7826,7
7827,24
7828,11
7829,3
7830,21
7831,7
7832,16
7833,10
7834,24
7835,24
7836,2
7837,2
7838,12
7839,2
7840,2
7841,12
7842,6
7843,19
7844,8
7845,10
7846,10
7847,16
7848,8
7849,1
7850,21
7851,2
7852,12
7853,1
7854,7
7855,15
7856,13
7857,15
7858,2
7859,8
7860,18
7861,3
7862,12
7863,2
7864,0
7865,2
7866,4
7867,12
7868,17
7869,0
7870,9
7871,1
7872,16
7873,10
7874,20
7875,21
7876,18
7877,21
7878,24
7879,5
7880,10
7881,2
7882,18
7883,0
7884,7
7885,5
7886,16
7887,18
7888,6
7889,15
7890,17
7891,23
7892,13
7893,0
7894,23
7895,13
7896,2
7897,23
7898,19
7899,2
7900,12
7901,20
7902,2
7903,6
7904,17
7905,23
7906,0
7907,18
7908,6
7909,19
7910,12
7911,12
7912,23
7913,10
7914,12
7915,18
7916,13
7917,15
7918,3
7919,5
7920,24
7921,2
7922,15
7923,11
7924,18
7925,0
7926,9
7927,7
7928,12
7929,21
7930,17
7931,12
7932,9
7933,5
7934,15
7935,4
7936,2
7937,0
7938,24
7939,0
7940,17
7941,10
7942,19
7943,19
7944,11
7945,6
7946,1
7947,10
7948,3
7949,24
7950,7
7951,10
7952,22
7953,2
7954,19
7955,24
7956,3
7957,3
7958,1
7959,9
7960,10
7961,24
7962,0
7963,5
7964,19
7965,16
7966,2
7967,15
7968,2
7969,0
7970,12
7971,9
7972,19
7973,24
7974,21
7975,0
7976,12
7977,9
7978,10
7979,9
7980,18
7981,1
7982,0
7983,18
7984,23
7985,23
7986,12
7987,18
7988,19
7989,12
7990,0
7991,7
7992,10
7993,9
7994,15
7995,13
7996,21
7997,8
7998,17
7999,19
8000,8
8001,24
8002,10
8003,20
8004,9
8005,23
8006,2
8007,2
8008,7
8009,10
8010,23
8011,2
8012,10
8013,2
8014,4
8015,12
8016,12
8017,21
8018,12
8019,23
8020,4
8021,19
8022,3
8023,21
8024,23
8025,5
8026,0
8027,13
8028,18
8029,9
8030,1
8031,4
8032,2
8033,15
8034,10
8035,9
8036,0
8037,17
8038,7
8039,4
8040,9
8041,18
8042,14
8043,12
8044,4
8045,13
8046,0
8047,2
8048,8
8049,7
8050,12
8051,24
8052,1
8053,16
8054,24
8055,2
8056,2
8057,7
8058,16
8059,10
8060,16
8061,24
8062,1
8063,23
8064,3
8065,19
8066,21
8067,22
8068,4
8069,10
8070,1
8071,1
8072,4
8073,21
8074,9
8075,1
8076,22
8077,5
8078,5
8079,17
8080,4
8081,21
8082,12
8083,1
8084,12
8085,5
8086,23
8087,0
8088,4
8089,15
8090,23
8091,1
8092,11
8093,13
8094,16
8095,7
8096,2
8097,1
8098,23
8099,17
8100,18
8101,7
8102,4
8103,3
8104,0
8105,9
8106,7
8107,19
8108,1
8109,10
8110,7
8111,22
8112,9
8113,4
8114,23
8115,4
8116,2
8117,0
8118,6
8119,1
8120,4
8121,19
8122,0
8123,10
8124,9
8125,0
8126,7
8127,2
8128,4
8129,1
8130,24
8131,15
8132,17
8133,3
8134,9
8135,7
8136,5
8137,12
8138,8
8139,0
8140,0
8141,18
8142,18
8143,9
8144,23
8145,21
8146,2
8147,10
8148,0
8149,0
8150,0
8151,0
8152,19
8153,18
8154,4
8155,2
8156,9
8157,21
8158,19
8159,11
8160,12
8161,3
8162,22
8163,2
8164,10
8165,16
8166,13
8167,23
8168,3
8169,12
8170,0
8171,19
8172,15
8173,9
8174,13
8175,2
8176,5
8177,2
8178,18
8179,6
8180,12
8181,19
8182,1
8183,19
8184,4
8185,18
8186,0
8187,0
8188,2
8189,16
8190,4
8191,23
8192,2
8193,24
8194,12
8195,1
8196,1
8197,4
8198,23
8199,3
8200,23
8201,16
8202,19
8203,0
8204,11
8205,0
8206,7
8207,6
8208,2
8209,21
8210,2
8211,4
8212,12
8213,18
8214,22
8215,19
8216,23
8217,8
8218,23
8219,17
8220,3
8221,16
8222,12
8223,12
8224,9
8225,6
8226,3
8227,1
8228,23
8229,10
8230,23
8231,18
8232,16
8233,6
8234,4
8235,10
8236,0
8237,9
8238,0
8239,19
8240,0
8241,2
8242,14
8243,18
8244,16
8245,23
8246,15
8247,5
8248,3
8249,9
8250,9
8251,14
8252,8
8253,10
8254,7
8255,2
8256,0
8257,21
8258,10
8259,23
8260,2
8261,17
8262,16
8263,9
8264,10
8265,22
8266,0
8267,14
8268,4
8269,1
8270,15
8271,21
8272,1
8273,10
8274,5
8275,1
8276,7
8277,12
8278,21
8279,5
8280,9
8281,1
8282,5
8283,21
8284,15
8285,1
8286,1
8287,21
8288,4
8289,9
8290,12
8291,7
8292,12
8293,19
8294,1
8295,15
8296,19
8297,23
8298,23
8299,13
8300,22
8301,0
8302,13
8303,2
8304,6
8305,2
8306,17
8307,24
8308,12
8309,1
8310,0
8311,18
8312,19
8313,16
8314,12
8315,23
8316,21
8317,3
8318,10
8319,3
8320,15
8321,7
8322,15
8323,3
8324,10
8325,16
8326,1
8327,13
8328,4
8329,2
8330,7
8331,21
8332,6
8333,15
8334,2
8335,24
8336,2
8337,18
8338,18
8339,1
8340,23
8341,0
8342,0
8343,17
8344,0
8345,5
8346,10
8347,18
8348,11
8349,3
8350,2
8351,23
8352,1
8353,0
8354,9
8355,7
8356,3
8357,12
8358,1
8359,23
8360,20
8361,16
8362,0
8363,12
8364,21
8365,2
8366,5
8367,0
8368,18
8369,7
8370,9
8371,20
8372,0
8373,23
8374,0
8375,20
8376,4
8377,12
8378,12
8379,5
8380,3
8381,15
8382,24
8383,3
8384,12
8385,0
8386,11
8387,21
8388,7
8389,10
8390,7
8391,12
8392,0
8393,19
8394,0
8395,2
8396,10
8397,14
8398,10
8399,11
8400,24
8401,12
8402,11
8403,10
8404,18
8405,7
8406,9
8407,5
8408,9
8409,21
8410,23
8411,18
8412,0
8413,3
8414,0
8415,2
8416,4
8417,2
8418,11
8419,11
8420,12
8421,1
8422,12
8423,12
8424,12
8425,24
8426,2
8427,24
8428,16
8429,20
8430,16
8431,2
8432,13
8433,5
8434,4
8435,3
8436,12
8437,0
8438,17
8439,9
8440,15
8441,0
8442,2
8443,16
8444,2
8445,12
8446,0
8447,15
8448,16
8449,0
8450,8
8451,20
8452,3
8453,12
8454,3
8455,17
8456,18
8457,0
8458,5
8459,15
8460,10
8461,20
8462,17
8463,2
8464,4
8465,8
8466,7
8467,17
8468,9
8469,7
8470,10
8471,16
8472,16
8473,13
8474,12
8475,18
8476,23
8477,21
8478,2
8479,3
8480,8
8481,13
8482,10
8483,1
8484,12
8485,11
8486,16
8487,21
8488,20
8489,6
8490,19
8491,10
8492,3
8493,14
8494,6
8495,4
8496,2
8497,0
8498,17
8499,16
8500,0
8501,7
8502,13
8503,1
8504,13
8505,5
8506,2
8507,23
8508,10
8509,15
8510,12
8511,16
8512,17
8513,18
8514,9
8515,9
8516,0
8517,10
8518,3
8519,8
8520,5
8521,11
8522,19
8523,12
8524,17
8525,10
8526,19
8527,14
8528,15
8529,0
8530,2
8531,10
8532,0
8533,4
8534,11
8535,2
8536,11
8537,20
8538,22
8539,2
8540,0
8541,10
8542,9
8543,5
8544,10
8545,0
8546,5
8547,16
8548,3
8549,11
8550,2
8551,6
8552,21
8553,6
8554,21
8555,15
8556,21
8557,12
8558,16
8559,3
8560,13
8561,2
8562,4
8563,8
8564,18
8565,9
8566,18
8567,2
8568,2
8569,10
8570,24
8571,12
8572,13
8573,1
8574,4
8575,16
8576,18
8577,21
8578,23
8579,21
8580,23
8581,19
8582,19
8583,0
8584,21
8585,3
8586,24
8587,4
8588,21
8589,18
8590,12
8591,23
8592,1
8593,9
8594,0
8595,9
8596,21
8597,11
8598,7
8599,2
8600,19
8601,5
8602,12
8603,23
8604,15
8605,17
8606,9
8607,14
8608,6
8609,5
8610,13
8611,13
8612,18
8613,5
8614,17
8615,11
8616,4
8617,9
8618,1
8619,18
8620,0
8621,18
8622,4
8623,1
8624,2
8625,12
8626,9
8627,12
8628,15
8629,16
8630,2
8631,12
8632,14
8633,11
8634,9
8635,0
8636,6
8637,22
8638,9
8639,1
8640,17
8641,23
8642,13
8643,11
8644,21
8645,13
8646,0
8647,4
8648,0
8649,2
8650,21
8651,19
8652,12
8653,14
8654,2
8655,2
8656,23
8657,10
8658,17
8659,6
8660,0
8661,11
8662,4
8663,21
8664,23
8665,1
8666,7
8667,18
8668,16
8669,4
8670,23
8671,7
8672,5
8673,20
8674,17
8675,9
8676,2
8677,11
8678,2
8679,2
8680,22
8681,12
8682,0
8683,23
8684,4
8685,19
8686,23
8687,2
8688,0
8689,4
8690,0
8691,9
8692,23
8693,3
8694,5
8695,19
8696,4
8697,0
8698,21
8699,7
8700,0
8701,12
8702,0
8703,20
8704,10
8705,18
8706,10
8707,4
8708,16
8709,10
8710,12
8711,18
8712,23
8713,4
8714,4
8715,18
8716,9
8717,9
8718,14
8719,0
8720,12
8721,11
8722,9
8723,10
8724,7
8725,3
8726,3
8727,10
8728,0
8729,7
8730,0
8731,0
8732,18
8733,12
8734,2
8735,12
8736,23
8737,21
8738,1
8739,23
8740,18
8741,10
8742,4
8743,23
8744,6
8745,23
8746,18
8747,2
8748,10
8749,4
8750,5
8751,24
8752,12
8753,17
8754,16
8755,18
8756,8
8757,23
8758,15
8759,19
8760,15
8761,9
8762,4
8763,17
8764,4
8765,3
8766,12
8767,9
8768,7
8769,17
8770,10
8771,5
8772,10
8773,21
8774,23
8775,7
8776,12
8777,17
8778,23
8779,6
8780,12
8781,0
8782,22
8783,4
8784,9
8785,16
8786,0
8787,12
8788,23
8789,16
8790,21
8791,11
8792,19
8793,23
8794,0
8795,24
8796,2
8797,16
8798,23
8799,5
8800,12
8801,4
8802,23
8803,23
8804,10
8805,3
8806,0
8807,17
8808,11
8809,2
8810,12
8811,2
8812,2
8813,12
8814,1
8815,22
8816,24
8817,5
8818,5
8819,17
8820,17
8821,13
8822,2
8823,0
8824,2
8825,2
8826,23
8827,3
8828,23
8829,18
8830,2
8831,16
8832,19
8833,24
8834,7
8835,12
8836,16
8837,16
8838,0
8839,23
8840,16
8841,16
8842,16
8843,21
8844,12
8845,4
8846,23
8847,9
8848,2
8849,12
8850,6
8851,12
8852,22
8853,1
8854,9
8855,2
8856,17
8857,0
8858,0
8859,2
8860,11
8861,9
8862,1
8863,11
8864,11
8865,21
8866,18
8867,7
8868,18
8869,23
8870,23
8871,2
8872,19
8873,0
8874,21
8875,16
8876,12
8877,3
8878,0
8879,16
8880,10
8881,9
8882,5
8883,13
8884,23
8885,17
8886,16
8887,0
8888,0
8889,11
8890,19
8891,2
8892,10
8893,23
8894,10
8895,2
8896,13
8897,23
8898,8
8899,17
8900,4
8901,0
8902,24
8903,20
8904,9
8905,24
8906,12
8907,4
8908,19
8909,16
8910,23
8911,0
8912,2
8913,9
8914,1
8915,16
8916,21
8917,23
8918,22
8919,13
8920,17
8921,11
8922,12
8923,11
8924,13
8925,0
8926,12
8927,15
8928,12
8929,5
8930,12
8931,13
8932,4
8933,7
8934,15
8935,2
8936,21
8937,9
8938,15
8939,1
8940,2
8941,11
8942,24
8943,7
8944,12
8945,1
8946,6
8947,19
8948,16
8949,4
8950,15
8951,0
8952,5
8953,4
8954,9
8955,16
8956,7
8957,23
8958,21
8959,0
8960,11
8961,15
8962,20
8963,20
8964,5
8965,12
8966,20
8967,12
8968,17
8969,9
8970,3
8971,1
8972,9
8973,1
8974,22
8975,3
8976,2
8977,6
8978,23
8979,3
8980,5
8981,15
8982,10
8983,10
8984,14
8985,0
8986,16
8987,9
8988,2
8989,7
8990,12
8991,9
8992,16
8993,20
8994,23
8995,18
8996,6
8997,8
8998,16
8999,17
9000,9
9001,10
9002,1
9003,2
9004,17
9005,8
9006,2
9007,3
9008,17
9009,12
9010,0
9011,11
9012,18
9013,16
9014,0
9015,1
9016,14
9017,17
9018,21
9019,22
9020,3
9021,2
9022,4
9023,9
9024,19
9025,21
9026,16
9027,23
9028,21
9029,4
9030,17
9031,10
9032,6
9033,1
9034,23
9035,16
9036,5
9037,12
9038,1
9039,2
9040,15
9041,23
9042,20
9043,18
9044,7
9045,15
9046,2
9047,2
9048,15
9049,4
9050,0
9051,11
9052,13
9053,17
9054,20
9055,1
9056,23
9057,19
9058,16
9059,6
9060,9
9061,24
9062,18
9063,2
9064,21
9065,4
9066,2
9067,7
9068,2
9069,13
9070,3
9071,9
9072,2
9073,16
9074,10
9075,19
9076,2
9077,10
9078,9
9079,12
9080,19
9081,11
9082,2
9083,4
9084,18
9085,16
9086,10
9087,0
9088,2
9089,18
9090,10
9091,0
9092,15
9093,18
9094,12
9095,10
9096,0
9097,23
9098,5
9099,2
9100,10
9101,14
9102,0
9103,10
9104,2
9105,0
9106,17
9107,24
9108,1
9109,18
9110,4
9111,1
9112,13
9113,21
9114,24
9115,0
9116,14
9117,2
9118,15
9119,14
9120,0
9121,2
9122,19
9123,11
9124,10
9125,23
9126,11
9127,6
9128,2
9129,21
9130,12
9131,20
9132,23
9133,14
9134,19
9135,7
9136,12
9137,23
9138,11
9139,16
9140,1
9141,5
9142,17
9143,16
9144,4
9145,3
9146,6
9147,13
9148,12
9149,3
9150,16
9151,16
9152,16
9153,4
9154,24
9155,4
9156,1
9157,4
9158,12
9159,14
9160,11
9161,9
9162,4
9163,21
9164,3
9165,1
9166,2
9167,12
9168,4
9169,11
9170,19
9171,12
9172,23
9173,1
9174,12
9175,15
9176,17
9177,2
9178,24
9179,17
9180,14
9181,10
9182,16
9183,16
9184,0
9185,15
9186,0
9187,4
9188,0
9189,16
9190,0
9191,8
9192,4
9193,0
9194,3
9195,18
9196,11
9197,9
9198,16
9199,9
9200,0
9201,1
9202,5
9203,9
9204,9
9205,18
9206,9
9207,17
9208,12
9209,5
9210,23
9211,3
9212,18
9213,2
9214,23
9215,3
9216,15
9217,19
9218,10
9219,4
9220,0
9221,3
9222,0
9223,1
9224,12
9225,18
9226,7
9227,9
9228,18
9229,7
9230,9
9231,19
9232,9
9233,6
9234,10
9235,12
9236,24
9237,6
9238,16
9239,11
9240,0
9241,12
9242,12
9243,21
9244,17
9245,20
9246,4
9247,13
9248,17
9249,6
9250,2
9251,14
9252,23
9253,23
9254,9
9255,22
9256,0
9257,0
9258,1
9259,3
9260,12
9261,15
9262,11
9263,17
9264,6
9265,19
9266,10
9267,23
9268,4
9269,4
9270,23
9271,12
9272,12
9273,23
9274,16
9275,6
9276,0
9277,7
9278,17
9279,9
9280,19
9281,13
9282,2
9283,5
9284,0
9285,20
9286,2
9287,23
9288,16
9289,11
9290,21
9291,16
9292,10
9293,10
9294,9
9295,1
9296,7
9297,14
9298,10
9299,21
9300,18
9301,13
9302,10
9303,18
9304,0
9305,4
9306,19
9307,23
9308,2
9309,11
9310,10
9311,16
9312,0
9313,7
9314,18
9315,18
9316,1
9317,4
9318,7
9319,10
9320,3
9321,3
9322,24
9323,11
9324,23
9325,7
9326,15
9327,3
9328,22
9329,4
9330,22
9331,24
9332,12
9333,2
9334,10
9335,11
9336,0
9337,21
9338,13
9339,14
9340,2
9341,7
9342,16
9343,9
9344,4
9345,16
9346,12
9347,0
9348,21
9349,16
9350,5
9351,7
9352,2
9353,3
9354,0
9355,10
9356,0
9357,12
9358,11
9359,1
9360,0
9361,6
9362,10
9363,23
9364,7
9365,0
9366,1
9367,2
9368,5
9369,17
9370,4
9371,3
9372,12
9373,1
9374,18
9375,22
9376,10
9377,11
9378,9
9379,5
9380,3
9381,7
9382,3
9383,6
9384,10
9385,13
9386,12
9387,15
9388,23
9389,19
9390,7
9391,8
9392,2
9393,17
9394,4
9395,22
9396,23
9397,6
9398,10
9399,23
9400,3
9401,0
9402,22
9403,15
9404,2
9405,8
9406,23
9407,21
9408,12
9409,5
9410,4
9411,10
9412,19
9413,19
9414,20
9415,1
9416,16
9417,5
9418,5
9419,10
9420,17
9421,10
9422,21
9423,2
9424,8
9425,15
9426,16
9427,19
9428,20
9429,7
9430,18
9431,9
9432,9
9433,19
9434,3
9435,12
9436,11
9437,23
9438,3
9439,1
9440,1
9441,3
9442,8
9443,21
9444,7
9445,2
9446,9
9447,23
9448,17
9449,10
9450,11
9451,3
9452,22
9453,9
9454,10
9455,1
9456,21
9457,17
9458,24
9459,13
9460,10
9461,5
9462,24
9463,11
9464,5
9465,13
9466,0
9467,0
9468,6
9469,19
9470,2
9471,8
9472,2
9473,3
9474,12
9475,17
9476,23
9477,1
9478,1
9479,7
9480,24
9481,7
9482,5
9483,24
9484,5
9485,21
9486,9
9487,2
9488,0
9489,0
9490,16
9491,10
9492,2
9493,1
9494,5
9495,21
9496,20
9497,11
9498,24
9499,16
9500,24
9501,10
9502,2
9503,7
9504,3
9505,12
9506,13
9507,2
9508,2
9509,1
9510,24
9511,0
9512,23
9513,2
9514,13
9515,2
9516,18
9517,1
9518,4
9519,4
9520,23
9521,24
9522,11
9523,23
9524,23
9525,13
9526,18
9527,3
9528,19
9529,4
9530,23
9531,9
9532,18
9533,1
9534,0
9535,11
9536,12
9537,15
9538,18
9539,16
9540,15
9541,21
9542,3
9543,10
9544,0
9545,0
9546,11
9547,12
9548,11
9549,7
9550,23
9551,3
9552,21
9553,23
9554,12
9555,2
9556,24
9557,0
9558,17
9559,2
9560,23
9561,7
9562,4
9563,10
9564,5
9565,0
9566,16
9567,2
9568,18
9569,14
9570,4
9571,5
9572,11
9573,10
9574,10
9575,21
9576,23
9577,18
9578,21
9579,11
9580,18
9581,13
9582,2
9583,18
9584,23
9585,23
9586,11
9587,13
9588,17
9589,18
9590,13
9591,0
9592,17
9593,18
9594,12
9595,6
9596,3
9597,2
9598,16
9599,0
9600,16
9601,16
9602,7
9603,24
9604,24
9605,1
9606,9
9607,0
9608,17
9609,11
9610,17
9611,2
9612,21
9613,12
9614,1
9615,10
9616,11
9617,2
9618,4
9619,3
9620,12
9621,16
9622,18
9623,12
9624,24
9625,10
9626,11
9627,0
9628,23
9629,23
9630,17
9631,12
9632,9
9633,11
9634,2
9635,0
9636,24
9637,15
9638,16
9639,23
9640,4
9641,12
9642,16
9643,18
9644,19
9645,7
9646,24
9647,10
9648,10
9649,21
9650,0
9651,16
9652,1
9653,23
9654,24
9655,2
9656,21
9657,13
9658,2
9659,7
9660,23
9661,12
9662,5
9663,0
9664,10
9665,16
9666,8
9667,6
9668,23
9669,11
9670,3
9671,24
9672,9
9673,0
9674,3
9675,15
9676,10
9677,4
9678,15
9679,10
9680,2
9681,7
9682,17
9683,23
9684,7
9685,12
9686,22
9687,14
9688,10
9689,14
9690,8
9691,18
9692,7
9693,16
9694,19
9695,19
9696,12
9697,18
9698,15
9699,5
9700,10
9701,0
9702,21
9703,23
9704,2
9705,13
9706,6
9707,0
9708,9
9709,2
9710,23
9711,4
9712,23
9713,12
9714,24
9715,18
9716,22
9717,12
9718,2
9719,0
9720,18
9721,5
9722,19
9723,4
9724,24
9725,4
9726,24
9727,17
9728,18
9729,10
9730,13
9731,0
9732,18
9733,12
9734,12
9735,20
9736,23
9737,19
9738,21
9739,24
9740,22
9741,12
9742,1
9743,23
9744,23
9745,2
9746,13
9747,10
9748,17
9749,1
9750,2
9751,24
9752,23
9753,8
9754,23
9755,0
9756,12
9757,2
9758,19
9759,17
9760,11
9761,9
9762,2
9763,2
9764,24
9765,11
9766,12
9767,1
9768,16
9769,3
9770,23
9771,2
9772,9
9773,8
9774,17
9775,3
9776,0
9777,12
9778,3
9779,13
9780,18
9781,21
9782,13
9783,8
9784,23
9785,18
9786,19
9787,14
9788,18
9789,13
9790,17
9791,5
9792,7
9793,0
9794,0
9795,23
9796,23
9797,10
9798,7
9799,6
9800,18
9801,10
9802,0
9803,10
9804,21
9805,12
9806,10
9807,10
9808,19
9809,4
9810,3
9811,0
9812,6
9813,11
9814,9
9815,24
9816,6
9817,18
9818,4
9819,19
9820,2
9821,6
9822,20
9823,0
9824,17
9825,24
9826,17
9827,8
9828,5
9829,2
9830,0
9831,0
9832,13
9833,11
9834,13
9835,10
9836,4
9837,23
9838,13
9839,16
9840,11
9841,24
9842,16
9843,24
9844,10
9845,23
9846,12
9847,17
9848,12
9849,16
9850,2
9851,22
9852,17
9853,13
9854,10
9855,13
9856,3
9857,12
9858,19
9859,19
9860,9
9861,12
9862,2
9863,6
9864,1
9865,4
9866,14
9867,2
9868,3
9869,1
9870,15
9871,15
9872,4
9873,0
9874,24
9875,10
9876,4
9877,13
9878,10
9879,17
9880,2
9881,10
9882,22
9883,4
9884,23
9885,9
9886,8
9887,9
9888,13
9889,12
9890,10
9891,0
9892,4
9893,21
9894,2
9895,7
9896,3
9897,23
9898,1
9899,5
9900,10
9901,17
9902,15
9903,3
9904,5
9905,17
9906,15
9907,18
9908,2
9909,21
9910,7
9911,17
9912,1
9913,2
9914,10
9915,18
9916,4
9917,3
9918,6
9919,0
9920,16
9921,0
9922,4
9923,6
9924,4
9925,7
9926,9
9927,3
9928,13
9929,22
9930,22
9931,13
9932,24
9933,5
9934,23
9935,23
9936,1
9937,14
9938,20
9939,5
9940,24
9941,12
9942,23
9943,10
9944,0
9945,24
9946,15
9947,9
9948,16
9949,24
9950,18
9951,4
9952,18
9953,17
9954,12
9955,10
9956,0
9957,10
9958,5
9959,9
9960,16
9961,17
9962,9
9963,13
9964,17
9965,5
9966,16
9967,19
9968,17
9969,0
9970,0
9971,10
9972,12
9973,7
9974,5
9975,24
9976,4
9977,18
9978,23
9979,12
9980,15
9981,10
9982,14
9983,0
9984,16
9985,5
9986,12
9987,9
9988,15
9989,23
9990,24
9991,23
9992,20
9993,5
9994,0
9995,10
9996,12
9997,18
9998,20
9999,8
